commune,id,cow_ratio
Kyburg,175,0.1
Illnau-Effretikon,174,0.1
Bangerten,532,0.65
Rapperswil (BE),310,0.65
Niederösch,417,0.55
Oberösch,419,0.55
Ersigen,405,0.55
Hermiswil,978,1.16
Seeberg,988,1.16
Dompierre (FR),2014,0.35
Domdidier,2013,0.35
Russy,2040,0.35
Léchelles,2024,0.35
Autafond,2172,0.32
Belfaux,2175,0.32
Vuisternens-en-Ogoz,2231,0.69
Rossens (FR),2222,0.69
Farvagny,2192,0.69
Corpataux-Magnedens,2184,0.69
Le Glèbe,2223,0.69
Jeuss,2264,0.18
Lurtigen,2270,0.18
Salvenach,2277,0.18
Courlevon,2251,0.18
Murten,2275,0.18
Haut-Vully,2281,0.27
Bas-Vully,2280,0.27
Bivio,3531,0.88
Cunter,3532,0.88
Marmorera,3533,0.88
Mulegns,3534,0.88
Riom-Parsonz,3536,0.88
Salouf,3538,0.88
Savognin,3539,0.88
Sur,3540,0.88
Tinizong-Rona,3541,0.88
Obersaxen,3612,1.3
Mundaun,3617,1.3
Saas,3883,0.36
Klosters-Serneus,3871,0.36
St. Antönien,3893,1.18
Luzein,3891,1.18
Brot-Dessous,6405,0.66
Rochefort,6413,0.66
Aeugst am Albis,1,0.31
Affoltern am Albis,2,0.05
Bonstetten,3,0.06
Hausen am Albis,4,0.4
Hedingen,5,0.09
Kappel am Albis,6,1.01
Knonau,7,0.38
Maschwanden,8,0.91
Mettmenstetten,9,0.41
Obfelden,10,0.1
Ottenbach,11,0.08
Rifferswil,12,0.58
Stallikon,13,0.19
Wettswil am Albis,14,0.01
Adlikon,21,0.72
Benken (ZH),22,0.38
Berg am Irchel,23,0.32
Buch am Irchel,24,1.02
Dachsen,25,0.0
Dorf,26,0.18
Feuerthalen,27,0.0
Flaach,28,0.39
Flurlingen,29,0.0
Andelfingen,30,0.05
Henggart,31,0.01
Humlikon,32,0.1
Kleinandelfingen,33,0.21
Laufen-Uhwiesen,34,0.17
Marthalen,35,0.23
Oberstammheim,36,0.71
Ossingen,37,0.92
Rheinau,38,0.09
Thalheim an der Thur,39,0.61
Trüllikon,40,0.49
Truttikon,41,0.83
Unterstammheim,42,0.53
Volken,43,0.6
Waltalingen,44,0.83
Bachenbülach,51,0.01
Bassersdorf,52,0.03
Bülach,53,0.03
Dietlikon,54,0.01
Eglisau,55,0.05
Embrach,56,0.06
Freienstein-Teufen,57,0.25
Glattfelden,58,0.16
Hochfelden,59,0.18
Höri,60,0.15
Hüntwangen,61,0.11
Kloten,62,0.03
Lufingen,63,0.03
Nürensdorf,64,0.08
Oberembrach,65,0.83
Opfikon,66,0.0
Rafz,67,0.15
Rorbas,68,0.07
Wallisellen,69,0.0
Wasterkingen,70,0.48
Wil (ZH),71,0.35
Winkel,72,0.05
Bachs,81,0.98
Boppelsen,82,0.1
Buchs (ZH),83,0.01
Dällikon,84,0.05
Dänikon,85,0.04
Dielsdorf,86,0.01
Hüttikon,87,0.26
Neerach,88,0.21
Niederglatt,89,0.06
Niederhasli,90,0.1
Niederweningen,91,0.17
Oberglatt,92,0.01
Oberweningen,93,0.11
Otelfingen,94,0.16
Regensberg,95,0.24
Regensdorf,96,0.04
Rümlang,97,0.03
Schleinikon,98,0.51
Schöfflisdorf,99,0.1
Stadel,100,0.68
Steinmaur,101,0.1
Weiach,102,0.12
Bäretswil,111,0.33
Bubikon,112,0.19
Dürnten,113,0.11
Fischenthal,114,0.54
Gossau (ZH),115,0.19
Grüningen,116,0.26
Hinwil,117,0.21
Rüti (ZH),118,0.06
Seegräben,119,0.28
Wald (ZH),120,0.27
Wetzikon (ZH),121,0.04
Adliswil,131,0.0
Hirzel,132,0.79
Horgen,133,0.03
Hütten,134,0.94
Kilchberg (ZH),135,0.0
Langnau am Albis,136,0.05
Oberrieden,137,0.0
Richterswil,138,0.06
Rüschlikon,139,0.01
Schönenberg (ZH),140,0.68
Thalwil,141,0.01
Wädenswil,142,0.08
Erlenbach (ZH),151,0.0
Herrliberg,152,0.1
Hombrechtikon,153,0.15
Küsnacht (ZH),154,0.03
Männedorf,155,0.0
Meilen,156,0.06
Oetwil am See,157,0.13
Stäfa,158,0.02
Uetikon am See,159,0.03
Zumikon,160,0.0
Zollikon,161,0.0
Fehraltorf,172,0.11
Hittnau,173,0.31
Lindau,176,0.16
Pfäffikon,177,0.13
Russikon,178,0.2
Weisslingen,180,0.39
Wila,181,0.34
Wildberg,182,0.79
Bauma,297,0.29
Dübendorf,191,0.01
Egg,192,0.16
Fällanden,193,0.02
Greifensee,194,0.03
Maur,195,0.14
Mönchaltorf,196,0.16
Schwerzenbach,197,0.02
Uster,198,0.04
Volketswil,199,0.04
Wangen-Brüttisellen,200,0.05
Altikon,211,0.94
Brütten,213,0.26
Dägerlen,214,0.6
Dättlikon,215,0.14
Dinhard,216,0.56
Elgg,217,0.23
Ellikon an der Thur,218,0.26
Elsau,219,0.13
Hagenbuch,220,0.67
Hettlingen,221,0.09
Hofstetten (ZH),222,0.98
Neftenbach,223,0.19
Pfungen,224,0.07
Rickenbach (ZH),225,0.38
Schlatt (ZH),226,1.0
Seuzach,227,0.06
Turbenthal,228,0.34
Winterthur,230,0.01
Zell (ZH),231,0.15
Wiesendangen,298,0.26
Aesch (ZH),241,0.33
Birmensdorf (ZH),242,0.09
Dietikon,243,0.01
Geroldswil,244,0.0
Oberengstringen,245,0.0
Oetwil an der Limmat,246,0.08
Schlieren,247,0.01
Uitikon,248,0.06
Unterengstringen,249,0.01
Urdorf,250,0.01
Weiningen (ZH),251,0.02
Zürich,261,0.0
Corgémont,431,0.49
Cormoret,432,0.88
Cortébert,433,0.91
Courtelary,434,0.82
La Ferrière,435,2.05
Mont-Tramelan,437,4.9
Orvin,438,0.55
Renan (BE),441,0.93
Romont (BE),442,1.88
Saint-Imier,443,0.13
Sonceboz-Sombeval,444,0.52
Sonvilier,445,1.56
Tramelan,446,0.4
Villeret,448,0.61
Sauge,449,0.34
Péry-La Heutte,450,0.21
Belprahon,681,0.46
Champoz,683,2.2
Corcelles (BE),687,1.78
Court,690,0.59
Crémines,691,1.09
Eschert,692,0.78
Grandval,694,0.88
Loveresse,696,0.7
Moutier,700,0.1
Perrefitte,701,0.73
Reconvilier,703,0.11
Roches (BE),704,1.39
Saicourt,706,0.93
Saules (BE),707,1.26
Schelten,708,8.16
Seehof,709,8.82
Sorvilier,711,1.04
Tavannes,713,0.28
Rebévelier,715,6.91
Petit-Val,716,3.64
Valbirse,717,0.21
La Neuveville,723,0.02
Nods,724,1.4
Plateau de Diesse,726,0.68
Biel/Bienne,371,0.0
Evilard,372,0.1
Lengnau (BE),387,0.09
Meinisberg,390,0.1
Pieterlen,392,0.08
Aegerten,731,0.01
Bellmund,732,0.16
Brügg,733,0.04
Ipsach,739,0.0
Ligerz,740,0.0
Mörigen,742,0.11
Nidau,743,0.0
Orpund,744,0.07
Port,745,0.01
Safnern,746,0.1
Scheuren,747,0.99
Schwadernau,748,0.74
Sutz-Lattrigen,750,0.04
Twann-Tüscherz,756,0.36
Aarberg,301,0.11
Bargen (BE),302,0.39
Grossaffoltern,303,0.37
Kallnach,304,0.76
Kappelen,305,0.58
Lyss,306,0.03
Radelfingen,309,0.96
Schüpfen,311,0.4
Seedorf (BE),312,0.7
Arch,381,0.15
Büetigen,382,0.23
Büren an der Aare,383,0.14
Diessbach bei Büren,385,0.71
Dotzigen,386,0.51
Leuzigen,388,0.79
Meienried,389,3.06
Oberwil bei Büren,391,0.55
Rüti bei Büren,393,0.36
Wengi,394,0.8
Brüttelen,491,0.5
Erlach,492,0.15
Finsterhennen,493,0.06
Gals,494,0.68
Gampelen,495,0.3
Ins,496,0.53
Lüscherz,497,0.7
Müntschemier,498,0.01
Siselen,499,0.47
Treiten,500,0.26
Tschugg,501,0.39
Vinelz,502,0.38
Bühl,734,0.87
Epsach,735,0.68
Hagneck,736,0.17
Hermrigen,737,0.8
Jens,738,0.45
Merzligen,741,0.13
Studen (BE),749,0.02
Täuffelen,751,0.04
Walperswil,754,0.71
Worben,755,0.19
Aarwangen,321,0.18
Auswil,322,1.32
Bannwil,323,0.45
Bleienbach,324,0.72
Busswil bei Melchnau,325,1.58
Gondiswil,326,1.57
Langenthal,329,0.04
Lotzwil,331,0.19
Madiswil,332,0.84
Melchnau,333,0.54
Obersteckholz,334,0.94
Oeschenbach,335,2.13
Reisiswil,336,1.35
Roggwil (BE),337,0.04
Rohrbach,338,0.2
Rohrbachgraben,339,2.49
Rütschelen,340,0.53
Schwarzhäusern,341,0.37
Thunstetten,342,0.3
Ursenbach,344,1.15
Wynau,345,0.23
Eriswil,953,1.31
Huttwil,954,0.48
Walterswil (BE),959,2.63
Wyssachen,960,1.62
Attiswil,971,0.44
Berken,972,2.72
Bettenhausen,973,0.63
Farnern,975,1.39
Graben,976,0.75
Heimenhausen,977,0.4
Herzogenbuchsee,979,0.04
Inkwil,980,0.33
Niederbipp,981,0.32
Niederönz,982,0.12
Oberbipp,983,0.3
Ochlenberg,985,2.48
Rumisberg,987,0.91
Thörigen,989,0.48
Walliswil bei Niederbipp,990,0.38
Walliswil bei Wangen,991,0.39
Wangen an der Aare,992,0.24
Wangenried,993,0.68
Wiedlisbach,995,0.25
Wolfisberg,996,1.25
Aefligen,401,0.25
Alchenstorf,402,1.04
Burgdorf,404,0.02
Hasle bei Burgdorf,406,0.78
Heimiswil,407,1.81
Hellsau,408,1.03
Hindelbank,409,0.19
Höchstetten,410,1.12
Kernenried,411,0.67
Kirchberg (BE),412,0.18
Koppigen,413,0.22
Krauchthal,414,0.65
Lyssach,415,0.17
Mötschwil,416,1.2
Oberburg,418,0.56
Rüdtligen-Alchenflüh,420,0.07
Rumendingen,421,2.36
Rüti bei Lyssach,422,1.5
Willadingen,423,1.56
Wynigen,424,1.58
Bätterkinden,533,0.18
Utzenstorf,552,0.23
Wiler bei Utzenstorf,554,0.21
Zielebach,556,0.53
Eggiwil,901,2.3
Langnau im Emmental,902,0.47
Lauperswil,903,0.79
Röthenbach im Emmental,904,2.38
Rüderswil,905,0.97
Schangnau,906,2.9
Signau,907,0.93
Trub,908,2.88
Trubschachen,909,0.92
Affoltern im Emmental,951,1.32
Dürrenroth,952,1.74
Lützelflüh,955,0.82
Rüegsau,956,0.68
Sumiswald,957,1.01
Trachselwald,958,1.87
Meikirch,307,0.47
Bern,351,0.01
Bolligen,352,0.23
Bremgarten bei Bern,353,0.02
Kirchlindach,354,0.61
Köniz,355,0.11
Muri bei Bern,356,0.01
Oberbalm,357,1.84
Stettlen,358,0.08
Vechigen,359,0.46
Wohlen bei Bern,360,0.33
Zollikofen,361,0.08
Ittigen,362,0.02
Ostermundigen,363,0.01
Bäriswil,403,0.07
Deisswil bei Münchenbuchsee,535,1.46
Diemerswil,536,1.66
Fraubrunnen,538,0.45
Jegenstorf,540,0.16
Iffwil,541,0.54
Mattstetten,543,0.41
Moosseedorf,544,0.09
Münchenbuchsee,546,0.02
Urtenen-Schönbühl,551,0.03
Wiggiswil,553,2.58
Zuzwil (BE),557,0.45
Arni (BE),602,1.89
Biglen,603,0.17
Bowil,605,1.07
Brenzikofen,606,0.49
Freimettigen,607,0.55
Grosshöchstetten,608,0.07
Häutligen,609,1.59
Herbligen,610,0.64
Kiesen,611,0.39
Konolfingen,612,0.34
Landiswil,613,2.1
Linden,614,1.24
Mirchel,615,0.75
Münsingen,616,0.07
Niederhünigen,617,0.72
Oberdiessbach,619,0.41
Oberthal,620,1.77
Oppligen,622,0.43
Rubigen,623,0.2
Schlosswil,624,1.06
Tägertschi,625,1.52
Walkringen,626,1.1
Worb,627,0.19
Zäziwil,628,0.44
Oberhünigen,629,1.6
Allmendingen,630,0.96
Wichtrach,632,0.24
Clavaleyres,661,4.9
Ferenbalm,662,0.61
Frauenkappelen,663,0.31
Golaten,664,0.31
Gurbrü,665,0.9
Kriechenwil,666,1.11
Laupen,667,0.06
Mühleberg,668,0.91
Münchenwiler,669,1.25
Neuenegg,670,0.33
Wileroltigen,671,0.78
Guggisberg,852,2.59
Rüschegg,853,0.93
Schwarzenburg,855,0.9
Belp,861,0.17
Gelterfingen,865,1.39
Gerzensee,866,0.84
Jaberg,868,0.36
Kaufdorf,869,0.2
Kehrsatz,870,0.12
Kirchdorf (BE),872,0.8
Kirchenthurnen,873,0.91
Lohnstorf,874,1.43
Mühledorf (BE),875,0.75
Mühlethurnen,876,0.24
Niedermuhlern,877,2.1
Noflen,878,1.08
Riggisberg,879,0.83
Rüeggisberg,880,2.09
Rümligen,881,1.23
Toffen,884,0.16
Wald (BE),888,1.59
Reutigen,767,0.8
Stocken-Höfen,770,1.05
Burgistein,863,1.04
Gurzelen,867,0.98
Seftigen,883,0.19
Uttigen,885,0.19
Wattenwil,886,0.39
Amsoldingen,921,0.92
Blumenstein,922,0.58
Buchholterberg,923,1.32
Eriz,924,1.9
Fahrni,925,1.4
Heiligenschwendi,927,0.54
Heimberg,928,0.06
Hilterfingen,929,0.0
Homberg,931,1.51
Horrenbach-Buchen,932,2.66
Oberhofen am Thunersee,934,0.05
Oberlangenegg,935,1.87
Pohlern,936,1.5
Schwendibach,937,0.88
Sigriswil,938,0.57
Steffisburg,939,0.05
Teuffenthal (BE),940,2.5
Thierachern,941,0.41
Thun,942,0.02
Uebeschi,943,1.3
Uetendorf,944,0.23
Unterlangenegg,945,1.09
Wachseldorn,946,2.74
Zwieselberg,947,1.0
Forst-Längenbühl,948,1.25
Boltigen,791,2.21
Lenk,792,1.27
St. Stephan,793,1.84
Zweisimmen,794,0.91
Gsteig,841,1.2
Lauenen,842,1.51
Saanen,843,0.73
Adelboden,561,0.87
Aeschi bei Spiez,562,0.78
Frutigen,563,0.79
Kandergrund,564,1.3
Kandersteg,565,0.15
Krattigen,566,0.27
Reichenbach im Kandertal,567,0.86
Därstetten,761,1.79
Diemtigen,762,1.71
Erlenbach im Simmental,763,0.92
Oberwil im Simmental,766,2.84
Spiez,768,0.11
Wimmis,769,0.49
Beatenberg,571,0.46
Bönigen,572,0.08
Brienz (BE),573,0.44
Brienzwiler,574,0.01
Därligen,575,0.3
Grindelwald,576,0.5
Gsteigwiler,577,0.55
Gündlischwand,578,0.06
Habkern,579,1.88
Hofstetten bei Brienz,580,0.51
Interlaken,581,0.0
Iseltwald,582,0.42
Lauterbrunnen,584,0.4
Leissigen,585,0.13
Lütschental,586,1.41
Matten bei Interlaken,587,0.05
Niederried bei Interlaken,588,0.12
Oberried am Brienzersee,589,0.19
Ringgenberg (BE),590,0.08
Saxeten,591,2.29
Schwanden bei Brienz,592,0.16
Unterseen,593,0.13
Wilderswil,594,0.16
Guttannen,782,0.6
Hasliberg,783,1.07
Innertkirchen,784,0.87
Meiringen,785,0.42
Schattenhalb,786,0.82
Luzern,1061,0.02
Adligenswil,1051,0.14
Buchrain,1052,0.05
Dierikon,1053,0.27
Ebikon,1054,0.06
Gisikon,1055,0.1
Greppen,1056,0.33
Honau,1057,0.42
Horw,1058,0.04
Kriens,1059,0.04
Malters,1062,0.57
Meggen,1063,0.06
Meierskappel,1064,0.63
Root,1065,0.11
Schwarzenberg,1066,1.2
Udligenswil,1067,0.31
Vitznau,1068,0.3
Weggis,1069,0.21
Aesch (LU),1021,0.56
Altwis,1022,0.59
Ballwil,1023,0.54
Emmen,1024,0.06
Ermensee,1025,0.57
Eschenbach (LU),1026,0.63
Hitzkirch,1030,0.61
Hochdorf,1031,0.13
Hohenrain,1032,1.54
Inwil,1033,0.55
Rain,1037,0.59
Römerswil,1039,1.77
Rothenburg,1040,0.35
Schongau,1041,1.74
Beromünster,1081,0.87
Büron,1082,0.33
Buttisholz,1083,0.83
Eich,1084,0.42
Geuensee,1085,0.28
Grosswangen,1086,0.98
Hildisrieden,1088,0.47
Knutwil,1089,0.5
Mauensee,1091,0.61
Neuenkirch,1093,0.61
Nottwil,1094,0.42
Oberkirch,1095,0.24
Rickenbach (LU),1097,0.4
Ruswil,1098,1.11
Schenkon,1099,0.38
Schlierbach,1100,0.79
Sempach,1102,0.23
Sursee,1103,0.01
Triengen,1104,0.55
Alberswil,1121,0.94
Altbüron,1122,0.98
Altishofen,1123,0.28
Dagmersellen,1125,0.5
Ebersecken,1126,4.18
Egolzwil,1127,0.39
Ettiswil,1128,0.52
Fischbach,1129,1.95
Gettnau,1130,0.71
Grossdietwil,1131,1.92
Hergiswil bei Willisau,1132,2.05
Luthern,1135,3.23
Menznau,1136,1.37
Nebikon,1137,0.12
Pfaffnau,1139,0.7
Reiden,1140,0.29
Roggliswil,1142,1.11
Schötz,1143,0.46
Ufhusen,1145,2.35
Wauwil,1146,0.25
Wikon,1147,0.34
Zell (LU),1150,0.92
Willisau,1151,0.69
Doppleschwand,1001,1.29
Entlebuch,1002,1.37
Flühli,1004,1.49
Hasle (LU),1005,1.5
Romoos,1007,3.05
Schüpfheim,1008,1.14
Werthenstein,1009,0.95
Escholzmatt-Marbach,1010,1.79
Wolhusen,1107,0.5
Altdorf (UR),1201,0.09
Andermatt,1202,0.33
Attinghausen,1203,0.38
Bauen,1204,0.63
Bürglen (UR),1205,0.5
Erstfeld,1206,0.19
Flüelen,1207,0.15
Göschenen,1208,0.21
Gurtnellen,1209,0.75
Hospental,1210,0.66
Isenthal,1211,1.5
Realp,1212,0.19
Schattdorf,1213,0.17
Seedorf (UR),1214,0.12
Seelisberg,1215,0.82
Silenen,1216,0.34
Sisikon,1217,0.4
Spiringen,1218,1.66
Unterschächen,1219,1.0
Wassen,1220,0.59
Einsiedeln,1301,0.35
Gersau,1311,0.32
Feusisberg,1321,0.34
Freienbach,1322,0.05
Wollerau,1323,0.08
Küssnacht (SZ),1331,0.26
Altendorf,1341,0.24
Galgenen,1342,0.23
Innerthal,1343,0.83
Lachen,1344,0.01
Reichenburg,1345,0.25
Schübelbach,1346,0.24
Tuggen,1347,0.51
Vorderthal,1348,0.95
Wangen (SZ),1349,0.2
Alpthal,1361,1.1
Arth,1362,0.21
Illgau,1363,1.0
Ingenbohl,1364,0.09
Lauerz,1365,0.55
Morschach,1366,0.65
Muotathal,1367,0.65
Oberiberg,1368,0.89
Riemenstalden,1369,2.57
Rothenthurm,1370,0.82
Sattel,1371,0.87
Schwyz,1372,0.26
Steinen,1373,0.43
Steinerberg,1374,1.33
Unteriberg,1375,0.8
Alpnach,1401,0.38
Engelberg,1402,0.33
Giswil,1403,0.7
Kerns,1404,0.62
Lungern,1405,0.68
Sachseln,1406,0.48
Sarnen,1407,0.4
Beckenried,1501,0.23
Buochs,1502,0.25
Dallenwil,1503,0.71
Emmetten,1504,0.4
Ennetbürgen,1505,0.24
Ennetmoos,1506,0.77
Hergiswil (NW),1507,0.06
Oberdorf (NW),1508,0.56
Stans,1509,0.1
Stansstad,1510,0.16
Wolfenschiessen,1511,0.72
Glarus Nord,1630,0.29
Glarus Süd,1631,0.44
Glarus,1632,0.15
Baar,1701,0.11
Cham,1702,0.14
Hünenberg,1703,0.38
Menzingen,1704,0.7
Neuheim,1705,0.48
Oberägeri,1706,0.37
Risch,1707,0.18
Steinhausen,1708,0.04
Unterägeri,1709,0.15
Walchwil,1710,0.25
Zug,1711,0.05
Bussy (FR),2004,0.36
Châbles,2005,0.86
Châtillon (FR),2008,0.32
Cheiry,2009,2.01
Cheyres,2010,0.13
Cugy (FR),2011,0.95
Estavayer-le-Lac,2015,0.03
Fétigny,2016,0.27
Gletterens,2022,0.22
Lully (FR),2025,0.19
Ménières,2027,0.64
Montagny (FR),2029,0.76
Morens (FR),2033,0.54
Murist,2034,1.02
Nuvilly,2035,1.52
Prévondavaux,2038,6.54
Rueyres-les-Prés,2039,0.55
Saint-Aubin (FR),2041,0.49
Sévaz,2043,0.0
Surpierre,2044,1.27
Vallon,2045,0.72
Villeneuve (FR),2047,0.45
Vuissens,2049,1.14
Les Montets,2050,0.42
Delley-Portalban,2051,0.11
Vernay,2052,0.33
Auboranges,2061,0.79
Billens-Hennens,2063,1.11
Chapelle (Glâne),2066,0.58
Le Châtelard,2067,3.92
Châtonnaye,2068,0.8
Ecublens (FR),2072,2.48
Grangettes,2079,2.34
Massonnens,2086,1.98
Mézières (FR),2087,1.48
Montet (Glâne),2089,0.2
Romont (FR),2096,0.25
Rue,2097,0.93
Siviriez,2099,1.73
Ursy,2102,0.74
Villaz-Saint-Pierre,2111,0.56
Vuisternens-devant-Romont,2113,2.02
Villorsonnens,2114,1.85
Torny,2115,1.35
La Folliaz,2116,1.5
Haut-Intyamon,2121,0.64
Pont-en-Ogoz,2122,0.71
Botterens,2123,0.42
Broc,2124,0.18
Bulle,2125,0.07
Châtel-sur-Montsalvens,2128,0.64
Corbières,2129,0.6
Crésuz,2130,0.0
Echarlens,2131,0.87
Grandvillard,2134,0.82
Gruyères,2135,0.59
Hauteville,2137,0.57
Jaun,2138,1.03
Marsens,2140,0.37
Morlon,2143,0.53
Le Pâquier (FR),2145,0.55
Pont-la-Ville,2147,1.61
Riaz,2148,0.37
La Roche,2149,1.0
Sâles,2152,2.57
Sorens,2153,1.16
Vaulruz,2155,1.71
Vuadens,2160,0.78
Bas-Intyamon,2162,0.65
Val-de-Charmey,2163,0.73
Arconciel,2171,0.97
Autigny,2173,1.24
Avry,2174,0.52
Chénens,2177,0.31
Chésopelloz,2179,2.29
Corminboeuf,2183,0.19
Corserey,2185,1.2
Cottens (FR),2186,0.54
Ependes (FR),2189,0.78
Ferpicloz,2194,0.19
Fribourg,2196,0.0
Givisiez,2197,0.02
Granges-Paccot,2198,0.14
Grolley,2200,0.33
Marly,2206,0.04
Matran,2208,0.17
Neyruz (FR),2211,0.13
Noréaz,2213,2.35
Pierrafortscha,2216,3.04
Ponthaux,2217,0.93
Le Mouret,2220,0.64
Prez-vers-Noréaz,2221,0.48
Senèdes,2225,0.29
Treyvaux,2226,1.31
Villars-sur-Glâne,2228,0.01
Villarsel-sur-Marly,2230,3.34
Hauterive (FR),2233,0.68
La Brillaz,2234,0.7
La Sonnaz,2235,0.55
Barberêche,2243,2.16
Courgevaux,2250,0.1
Courtepin,2254,0.07
Cressier (FR),2257,0.23
Fräschels,2258,0.32
Galmiz,2259,0.48
Gempenach,2260,0.36
Greng,2261,1.41
Gurmels,2262,0.5
Kerzers,2265,0.15
Kleinbösingen,2266,0.39
Meyriez,2271,0.0
Misery-Courtion,2272,0.84
Muntelier,2274,0.02
Ried bei Kerzers,2276,0.22
Ulmiz,2278,0.49
Villarepos,2279,0.3
Wallenried,2283,0.98
Alterswil,2291,1.15
Brünisried,2292,0.69
Düdingen,2293,0.34
Giffers,2294,0.46
Bösingen,2295,0.39
Heitenried,2296,0.85
Oberschrot,2298,0.78
Plaffeien,2299,0.5
Plasselb,2300,0.47
Rechthalten,2301,0.83
St. Antoni,2302,1.12
St. Silvester,2303,0.76
St. Ursen,2304,1.57
Schmitten (FR),2305,0.31
Tafers,2306,0.25
Tentlingen,2307,0.36
Ueberstorf,2308,0.76
Wünnewil-Flamatt,2309,0.22
Zumholz,2310,0.75
Attalens,2321,0.39
Bossonnens,2323,0.35
Châtel-Saint-Denis,2325,0.32
Granges (Veveyse),2328,0.55
Remaufens,2333,0.86
Saint-Martin (FR),2335,2.06
Semsales,2336,0.85
Le Flon,2337,1.19
La Verrerie,2338,2.6
Egerkingen,2401,0.07
Härkingen,2402,0.33
Kestenholz,2403,0.39
Neuendorf,2404,0.24
Niederbuchsiten,2405,0.63
Oberbuchsiten,2406,0.03
Oensingen,2407,0.03
Wolfwil,2408,0.21
Aedermannsdorf,2421,1.29
Balsthal,2422,0.08
Gänsbrunnen,2423,3.06
Herbetswil,2424,1.31
Holderbank (SO),2425,0.62
Laupersdorf,2426,0.74
Matzendorf,2427,0.82
Mümliswil-Ramiswil,2428,1.17
Welschenrohr,2429,0.88
Biezwil,2445,0.33
Lüterkofen-Ichertswil,2455,0.29
Lüterswil-Gächliwil,2456,0.36
Messen,2457,0.6
Schnottwil,2461,0.43
Unterramsern,2463,1.34
Lüsslingen-Nennigkofen,2464,0.48
Buchegg,2465,0.72
Bättwil,2471,0.03
Büren (SO),2472,0.34
Dornach,2473,0.01
Gempen,2474,0.59
Hochwald,2475,0.26
Hofstetten-Flüh,2476,0.04
Metzerlen-Mariastein,2477,0.53
Nuglar-St. Pantaleon,2478,0.01
Rodersdorf,2479,0.2
Seewen,2480,0.59
Witterswil,2481,0.03
Hauenstein-Ifenthal,2491,1.33
Kienberg,2492,1.59
Lostorf,2493,0.12
Niedergösgen,2495,0.02
Obergösgen,2497,0.1
Rohr (SO),2498,1.76
Stüsslingen,2499,0.24
Trimbach,2500,0.07
Winznau,2501,0.14
Wisen (SO),2502,0.97
Erlinsbach (SO),2503,0.14
Aeschi (SO),2511,0.5
Biberist,2513,0.05
Bolken,2514,0.16
Deitingen,2516,0.36
Derendingen,2517,0.05
Etziken,2518,0.54
Gerlafingen,2519,0.0
Halten,2520,0.27
Horriwil,2523,0.31
Hüniken,2524,0.48
Kriegstetten,2525,0.04
Lohn-Ammannsegg,2526,0.14
Luterbach,2527,0.0
Obergerlafingen,2528,0.1
Oekingen,2529,0.31
Recherswil,2530,0.09
Subingen,2532,0.21
Zuchwil,2534,0.0
Drei Höfe,2535,0.38
Balm bei Günsberg,2541,1.32
Bellach,2542,0.11
Bettlach,2543,0.17
Feldbrunnen-St. Niklaus,2544,0.09
Flumenthal,2545,0.25
Grenchen,2546,0.04
Günsberg,2547,0.23
Hubersdorf,2548,0.27
Kammersrohr,2549,5.21
Langendorf,2550,0.0
Lommiswil,2551,0.25
Oberdorf (SO),2553,0.4
Riedholz,2554,0.13
Rüttenen,2555,0.23
Selzach,2556,0.23
Boningen,2571,0.14
Däniken,2572,0.18
Dulliken,2573,0.06
Eppenberg-Wöschnau,2574,0.32
Fulenbach,2575,0.31
Gretzenbach,2576,0.05
Gunzgen,2578,0.22
Hägendorf,2579,0.11
Kappel (SO),2580,0.04
Olten,2581,0.0
Rickenbach (SO),2582,0.13
Schönenwerd,2583,0.01
Starrkirch-Wil,2584,0.03
Walterswil (SO),2585,1.06
Wangen bei Olten,2586,0.06
Solothurn,2601,0.01
Bärschwil,2611,0.71
Beinwil (SO),2612,4.52
Breitenbach,2613,0.12
Büsserach,2614,0.18
Erschwil,2615,0.44
Fehren,2616,0.28
Grindel,2617,0.67
Himmelried,2618,0.27
Kleinlützel,2619,0.77
Meltingen,2620,0.56
Nunningen,2621,0.27
Zullwil,2622,0.23
Basel,2701,0.0
Bettingen,2702,0.17
Riehen,2703,0.0
Aesch (BL),2761,0.06
Allschwil,2762,0.02
Arlesheim,2763,0.0
Biel-Benken,2764,0.06
Binningen,2765,0.01
Birsfelden,2766,0.0
Bottmingen,2767,0.01
Ettingen,2768,0.03
Münchenstein,2769,0.01
Muttenz,2770,0.01
Oberwil (BL),2771,0.01
Pfeffingen,2772,0.09
Reinach (BL),2773,0.0
Schönenbuch,2774,0.1
Therwil,2775,0.01
Blauen,2781,0.22
Brislach,2782,0.5
Burg im Leimental,2783,0.18
Dittingen,2784,0.21
Duggingen,2785,0.11
Grellingen,2786,0.0
Laufen,2787,0.04
Liesberg,2788,0.43
Nenzlingen,2789,0.43
Roggenburg,2790,1.75
Röschenz,2791,0.27
Wahlen,2792,0.4
Zwingen,2793,0.4
Arisdorf,2821,0.41
Augst,2822,0.19
Bubendorf,2823,0.08
Frenkendorf,2824,0.01
Füllinsdorf,2825,0.03
Giebenach,2826,0.01
Hersberg,2827,0.36
Lausen,2828,0.05
Liestal,2829,0.03
Lupsingen,2830,0.12
Pratteln,2831,0.02
Ramlinsburg,2832,0.28
Seltisberg,2833,0.09
Ziefen,2834,0.31
Anwil,2841,0.61
Böckten,2842,0.19
Buckten,2843,0.17
Buus,2844,0.77
Diepflingen,2845,0.0
Gelterkinden,2846,0.07
Häfelfingen,2847,0.95
Hemmiken,2848,2.88
Itingen,2849,0.01
Känerkinden,2850,0.08
Kilchberg (BL),2851,0.91
Läufelfingen,2852,0.41
Maisprach,2853,0.66
Nusshof,2854,0.32
Oltingen,2855,1.13
Ormalingen,2856,0.39
Rickenbach (BL),2857,0.58
Rothenfluh,2858,0.4
Rümlingen,2859,0.28
Rünenberg,2860,0.26
Sissach,2861,0.05
Tecknau,2862,0.13
Tenniken,2863,0.17
Thürnen,2864,0.17
Wenslingen,2865,0.31
Wintersingen,2866,0.48
Wittinsburg,2867,0.29
Zeglingen,2868,1.52
Zunzgen,2869,0.2
Arboldswil,2881,0.24
Bennwil,2882,0.85
Bretzwil,2883,0.9
Diegten,2884,0.76
Eptingen,2885,2.16
Hölstein,2886,0.17
Lampenberg,2887,0.43
Langenbruck,2888,1.04
Lauwil,2889,0.94
Liedertswil,2890,0.96
Niederdorf,2891,0.22
Oberdorf (BL),2892,0.09
Reigoldswil,2893,0.35
Titterten,2894,0.85
Waldenburg,2895,0.3
Gächlingen,2901,0.94
Löhningen,2903,0.47
Neunkirch,2904,0.38
Büttenhardt,2914,0.06
Dörflingen,2915,0.3
Lohn (SH),2917,0.4
Stetten (SH),2919,0.2
Thayngen,2920,0.45
Bargen (SH),2931,1.57
Beringen,2932,0.11
Buchberg,2933,0.48
Merishausen,2936,1.05
Neuhausen am Rheinfall,2937,0.02
Rüdlingen,2938,0.48
Schaffhausen,2939,0.01
Beggingen,2951,0.78
Schleitheim,2952,1.08
Siblingen,2953,0.46
Buch (SH),2961,0.78
Hemishofen,2962,0.96
Ramsen,2963,0.92
Stein am Rhein,2964,0.04
Hallau,2971,0.29
Oberhallau,2972,1.2
Trasadingen,2973,0.83
Wilchingen,2974,0.9
Herisau,3001,0.15
Hundwil,3002,2.26
Schönengrund,3003,1.5
Schwellbrunn,3004,1.44
Stein (AR),3005,0.89
Urnäsch,3006,1.28
Waldstatt,3007,0.56
Bühler,3021,0.34
Gais,3022,0.57
Speicher,3023,0.18
Teufen (AR),3024,0.24
Trogen,3025,0.44
Grub (AR),3031,0.35
Heiden,3032,0.16
Lutzenberg,3033,0.2
Rehetobel,3034,0.38
Reute (AR),3035,0.35
Wald (AR),3036,0.78
Walzenhausen,3037,0.29
Wolfhalden,3038,0.41
Appenzell,3101,0.4
Gonten,3102,2.02
Rüte,3103,0.95
Schlatt-Haslen,3104,2.62
Schwende,3105,0.61
Oberegg,3111,0.68
Häggenschwil,3201,1.35
Muolen,3202,1.7
St. Gallen,3203,0.02
Wittenbach,3204,0.14
Eggersriet,3212,0.44
Andwil (SG),3441,0.48
Gaiserwald,3442,0.13
Gossau (SG),3443,0.18
Waldkirch,3444,0.99
Berg (SG),3211,0.81
Goldach,3213,0.03
Mörschwil,3214,0.43
Rorschach,3215,0.0
Rorschacherberg,3216,0.08
Steinach,3217,0.07
Tübach,3218,0.14
Untereggen,3219,0.74
Thal,3237,0.1
Au (SG),3231,0.03
Balgach,3232,0.15
Berneck,3233,0.09
Diepoldsau,3234,0.29
Rheineck,3235,0.03
St. Margrethen,3236,0.03
Widnau,3238,0.04
Altstätten,3251,0.45
Eichberg,3252,0.2
Marbach (SG),3253,0.27
Oberriet (SG),3254,0.41
Rebstein,3255,0.09
Rüthi (SG),3256,0.27
Buchs (SG),3271,0.06
Gams,3272,0.75
Grabs,3273,0.43
Sennwald,3274,0.53
Sevelen,3275,0.29
Wartau,3276,0.24
Bad Ragaz,3291,0.17
Flums,3292,0.6
Mels,3293,0.38
Pfäfers,3294,0.84
Quarten,3295,0.41
Sargans,3296,0.14
Vilters-Wangs,3297,0.32
Walenstadt,3298,0.27
Amden,3311,0.71
Benken (SG),3312,0.9
Kaltbrunn,3313,0.37
Schänis,3315,0.78
Weesen,3316,0.24
Schmerikon,3338,0.1
Uznach,3339,0.09
Rapperswil-Jona,3340,0.05
Gommiswald,3341,0.62
Eschenbach (SG),3342,0.56
Ebnat-Kappel,3352,0.42
Wildhaus-Alt St. Johann,3359,1.24
Nesslau,3360,1.54
Hemberg,3372,2.19
Lichtensteig,3374,0.06
Oberhelfenschwil,3375,1.11
Neckertal,3378,1.2
Wattwil,3379,0.57
Kirchberg (SG),3392,0.56
Lütisburg,3393,0.93
Mosnang,3394,1.56
Bütschwil-Ganterschwil,3395,0.58
Degersheim,3401,0.4
Flawil,3402,0.08
Jonschwil,3405,0.3
Oberuzwil,3407,0.27
Uzwil,3408,0.08
Niederbüren,3422,1.67
Niederhelfenschwil,3423,1.01
Oberbüren,3424,0.56
Zuzwil (SG),3426,0.23
Wil (SG),3427,0.08
Mutten,3503,2.5
Vaz/Obervaz,3506,0.32
Lantsch/Lenz,3513,0.76
Schmitten (GR),3514,0.43
Bergün/Bravuogn,3521,0.79
Filisur,3522,0.49
Albula/Alvra,3542,1.14
Brusio,3551,0.26
Poschiavo,3561,0.39
Fürstenau,3633,0.59
Rothenbrunnen,3637,0.59
Scharans,3638,0.39
Sils im Domleschg,3640,0.16
Cazis,3661,0.8
Flerden,3662,2.17
Masein,3663,0.71
Thusis,3668,0.03
Tschappina,3669,4.17
Urmein,3670,3.01
Domleschg,3673,0.95
Avers,3681,2.94
Hinterrhein,3691,3.77
Nufenen,3693,2.44
Splügen,3694,1.02
Sufers,3695,1.69
Andeer,3701,0.4
Casti-Wergenstein,3703,2.15
Donat,3705,4.33
Lohn (GR),3707,5.02
Mathon,3708,6.25
Rongellen,3711,0.97
Zillis-Reischen,3712,1.01
Ferrera,3713,0.27
Bonaduz,3721,0.12
Domat/Ems,3722,0.07
Rhäzüns,3723,0.14
Felsberg,3731,0.13
Flims,3732,0.22
Tamins,3733,0.33
Trin,3734,0.38
Zernez,3746,0.73
Samnaun,3752,0.43
Scuol,3762,0.5
Valsot,3764,1.32
Val Müstair,3847,1.05
Haldenstein,3941,0.31
Trimmis,3945,0.26
Untervaz,3946,0.48
Zizers,3947,0.12
Fläsch,3951,0.47
Jenins,3952,0.32
Maienfeld,3953,0.46
Malans,3954,0.16
Landquart,3955,0.11
Bever,3781,0.44
Celerina/Schlarigna,3782,0.06
Madulain,3783,0.64
Pontresina,3784,0.03
La Punt-Chamues-ch,3785,0.41
Samedan,3786,0.09
St. Moritz,3787,0.02
S-chanf,3788,0.68
Sils im Engadin/Segl,3789,0.32
Silvaplana,3790,0.1
Zuoz,3791,0.18
Bregaglia,3792,0.4
Buseno,3804,0.14
Castaneda,3805,0.0
Rossa,3808,0.0
Santa Maria in Calanca,3810,0.11
Lostallo,3821,0.18
Mesocco,3822,0.13
Soazza,3823,0.61
Cama,3831,0.04
Grono,3832,0.01
Leggia,3833,0.47
Roveredo (GR),3834,0.02
San Vittore,3835,0.36
Verdabbio,3836,0.12
Calanca,3837,1.14
Chur,3901,0.03
Churwalden,3911,0.54
Arosa,3921,0.49
Maladers,3926,0.34
Tschiertschen-Praden,3932,0.94
Davos,3851,0.16
Fideris,3861,0.85
Furna,3862,2.55
Jenaz,3863,0.67
Conters im Prättigau,3881,1.07
Küblis,3882,0.5
Grüsch,3961,0.82
Schiers,3962,0.49
Seewis im Prättigau,3972,0.66
Falera,3572,1.14
Laax,3575,0.14
Sagogn,3581,0.17
Schluein,3582,0.23
Vals,3603,0.64
Andiast,3611,2.45
Waltensburg/Vuorz,3616,1.49
Lumnezia,3618,1.87
Ilanz/Glion,3619,0.6
Safiental,3672,3.07
Breil/Brigels,3981,0.72
Disentis/Mustér,3982,0.38
Medel (Lucmagn),3983,0.96
Sumvitg,3985,0.83
Tujetsch,3986,0.31
Trun,3987,0.52
Aarau,4001,0.01
Biberstein,4002,0.1
Buchs (AG),4003,0.01
Densbüren,4004,1.43
Erlinsbach (AG),4005,0.13
Gränichen,4006,0.06
Hirschthal,4007,0.06
Küttigen,4008,0.05
Muhen,4009,0.12
Oberentfelden,4010,0.03
Suhr,4012,0.02
Unterentfelden,4013,0.0
Baden,4021,0.0
Bellikon,4022,0.24
Bergdietikon,4023,0.13
Birmenstorf (AG),4024,0.07
Ennetbaden,4026,0.0
Fislisbach,4027,0.03
Freienwil,4028,0.22
Gebenstorf,4029,0.04
Killwangen,4030,0.05
Künten,4031,0.1
Mägenwil,4032,0.19
Mellingen,4033,0.02
Neuenhof,4034,0.0
Niederrohrdorf,4035,0.07
Oberrohrdorf,4037,0.03
Obersiggenthal,4038,0.04
Remetschwil,4039,0.19
Spreitenbach,4040,0.02
Stetten (AG),4041,0.15
Turgi,4042,0.0
Untersiggenthal,4044,0.05
Wettingen,4045,0.01
Wohlenschwil,4046,0.08
Würenlingen,4047,0.11
Würenlos,4048,0.06
Ehrendingen,4049,0.18
Arni (AG),4061,0.13
Berikon,4062,0.07
Bremgarten (AG),4063,0.04
Büttikon,4064,0.26
Dottikon,4065,0.12
Eggenwil,4066,0.31
Fischbach-Göslikon,4067,0.13
Hägglingen,4068,0.38
Jonen,4071,0.19
Niederwil (AG),4072,0.09
Oberlunkhofen,4073,0.17
Oberwil-Lieli,4074,0.22
Rudolfstetten-Friedlisberg,4075,0.08
Sarmenstorf,4076,0.18
Tägerig,4077,0.07
Uezwil,4078,0.71
Unterlunkhofen,4079,0.37
Villmergen,4080,0.11
Widen,4081,0.05
Wohlen (AG),4082,0.04
Zufikon,4083,0.02
Islisberg,4084,0.44
Auenstein,4091,0.03
Birr,4092,0.01
Birrhard,4093,0.15
Bözen,4094,0.57
Brugg,4095,0.01
Effingen,4096,0.83
Elfingen,4097,0.66
Habsburg,4099,0.43
Hausen (AG),4100,0.01
Lupfig,4104,0.14
Mandach,4105,0.97
Mönthal,4106,0.23
Mülligen,4107,0.08
Remigen,4110,0.15
Riniken,4111,0.09
Rüfenach,4112,0.51
Scherz,4113,0.15
Schinznach-Bad,4114,0.0
Thalheim (AG),4117,0.76
Veltheim (AG),4120,0.25
Villigen,4121,0.11
Villnachern,4122,0.08
Windisch,4123,0.0
Bözberg,4124,0.67
Schinznach,4125,0.41
Beinwil am See,4131,0.07
Birrwil,4132,0.21
Burg (AG),4133,0.06
Dürrenäsch,4134,0.18
Gontenschwil,4135,0.32
Holziken,4136,0.13
Leimbach (AG),4137,0.46
Leutwil,4138,0.45
Menziken,4139,0.05
Oberkulm,4140,0.21
Reinach (AG),4141,0.07
Schlossrued,4142,1.29
Schmiedrued,4143,0.8
Schöftland,4144,0.03
Teufenthal (AG),4145,0.34
Unterkulm,4146,0.22
Zetzwil,4147,0.3
Eiken,4161,0.06
Frick,4163,0.07
Gansingen,4164,0.6
Gipf-Oberfrick,4165,0.34
Herznach,4166,0.72
Hornussen,4167,0.68
Kaisten,4169,0.45
Laufenburg,4170,0.28
Münchwilen (AG),4172,0.05
Oberhof,4173,1.02
Oeschgen,4175,0.33
Schwaderloch,4176,0.13
Sisseln,4177,0.01
Ueken,4179,0.42
Wittnau,4181,0.21
Wölflinswil,4182,1.0
Zeihen,4183,0.53
Mettauertal,4184,0.65
Ammerswil,4191,0.16
Boniswil,4192,0.07
Brunegg,4193,0.04
Dintikon,4194,0.12
Egliswil,4195,0.24
Fahrwangen,4196,0.11
Hallwil,4197,0.1
Hendschiken,4198,0.28
Holderbank (AG),4199,0.03
Hunzenschwil,4200,0.02
Lenzburg,4201,0.02
Meisterschwanden,4202,0.09
Möriken-Wildegg,4203,0.1
Niederlenz,4204,0.04
Othmarsingen,4205,0.06
Rupperswil,4206,0.03
Schafisheim,4207,0.17
Seengen,4208,0.2
Seon,4209,0.19
Staufen,4210,0.12
Abtwil,4221,0.71
Aristau,4222,0.69
Auw,4223,0.69
Beinwil (Freiamt),4224,1.48
Besenbüren,4226,0.24
Bettwil,4227,0.89
Boswil,4228,0.44
Bünzen,4229,0.42
Buttwil,4230,0.31
Dietwil,4231,0.5
Geltwil,4232,1.62
Kallern,4233,1.28
Merenschwand,4234,0.56
Mühlau,4235,1.08
Muri (AG),4236,0.14
Oberrüti,4237,0.71
Rottenschwil,4238,0.58
Sins,4239,0.63
Waltenschwil,4240,0.28
Hellikon,4251,0.71
Kaiseraugst,4252,0.01
Magden,4253,0.1
Möhlin,4254,0.09
Mumpf,4255,0.03
Obermumpf,4256,0.35
Olsberg,4257,0.63
Rheinfelden,4258,0.03
Schupfart,4259,0.48
Stein (AG),4260,0.0
Wallbach,4261,0.09
Wegenstetten,4262,0.61
Zeiningen,4263,0.12
Zuzgen,4264,0.81
Aarburg,4271,0.02
Attelwil,4272,1.34
Bottenwil,4273,0.44
Brittnau,4274,0.22
Kirchleerau,4275,0.34
Kölliken,4276,0.08
Moosleerau,4277,0.4
Murgenthal,4279,0.29
Oftringen,4280,0.07
Reitnau,4281,0.49
Rothrist,4282,0.07
Safenwil,4283,0.13
Staffelbach,4284,0.63
Strengelbach,4285,0.06
Uerkheim,4286,0.8
Vordemwald,4287,0.19
Wiliberg,4288,1.01
Zofingen,4289,0.03
Baldingen,4301,1.45
Böbikon,4302,1.81
Böttstein,4303,0.05
Döttingen,4304,0.03
Endingen,4305,0.46
Fisibach,4306,0.73
Full-Reuenthal,4307,0.32
Kaiserstuhl,4308,0.0
Klingnau,4309,0.04
Koblenz,4310,0.06
Leibstadt,4311,0.33
Lengnau (AG),4312,0.57
Leuggern,4313,0.38
Mellikon,4314,0.42
Rekingen (AG),4315,0.02
Rietheim,4316,0.38
Rümikon,4317,0.04
Schneisingen,4318,0.39
Siglistorf,4319,0.49
Tegerfelden,4320,0.85
Wislikofen,4322,1.69
Bad Zurzach,4323,0.02
Arbon,4401,0.02
Dozwil,4406,0.39
Egnach,4411,0.44
Hefenhofen,4416,0.46
Horn,4421,0.08
Kesswil,4426,0.28
Roggwil (TG),4431,0.47
Romanshorn,4436,0.04
Salmsach,4441,0.17
Sommeri,4446,0.93
Uttwil,4451,0.19
Amriswil,4461,0.18
Basadingen-Schlattingen,4536,0.27
Diessenhofen,4545,0.05
Schlatt (TG),4546,0.24
Felben-Wellhausen,4561,0.15
Frauenfeld,4566,0.03
Gachnang,4571,0.26
Hüttlingen,4590,0.88
Matzingen,4591,0.23
Neunforn,4601,0.6
Stettfurt,4606,0.43
Thundorf,4611,0.99
Uesslingen-Buch,4616,1.23
Warth-Weiningen,4621,0.54
Berlingen,4801,0.0
Eschenz,4806,0.52
Herdern,4811,0.67
Homburg,4816,1.78
Hüttwilen,4821,0.36
Mammern,4826,0.2
Müllheim,4831,0.1
Pfyn,4841,0.44
Steckborn,4864,0.12
Wagenhausen,4871,0.43
Altnau,4641,0.24
Bottighofen,4643,0.03
Ermatingen,4646,0.07
Gottlieben,4651,0.0
Güttingen,4656,0.68
Kemmental,4666,0.9
Kreuzlingen,4671,0.01
Langrickenbach,4681,1.41
Lengwil,4683,0.64
Münsterlingen,4691,0.1
Tägerwilen,4696,0.09
Wäldi,4701,0.88
Raperswilen,4846,1.22
Salenstein,4851,0.16
Aadorf,4551,0.15
Bettwiesen,4716,0.43
Bichelsee-Balterswil,4721,0.37
Braunau,4723,1.52
Eschlikon,4724,0.11
Fischingen,4726,1.02
Lommis,4741,0.49
Münchwilen (TG),4746,0.18
Rickenbach (TG),4751,0.02
Sirnach,4761,0.19
Tobel-Tägerschen,4776,0.59
Wängi,4781,0.4
Wilen (TG),4786,0.06
Bischofszell,4471,0.2
Erlen,4476,0.49
Hauptwil-Gottshaus,4486,0.78
Hohentannen,4495,1.79
Kradolf-Schönenberg,4501,0.24
Sulgen,4506,0.23
Zihlschlacht-Sitterdorf,4511,0.5
Affeltrangen,4711,0.84
Schönholzerswilen,4756,2.24
Wuppenau,4791,1.45
Amlikon-Bissegg,4881,1.35
Berg (TG),4891,0.3
Birwinken,4901,0.87
Bürglen (TG),4911,0.22
Bussnang,4921,1.05
Märstetten,4941,0.27
Weinfelden,4946,0.06
Wigoltingen,4951,0.65
Arbedo-Castione,5001,0.0
Bellinzona,5002,0.0
Cadenazzo,5003,0.05
Camorino,5004,0.0
Giubiasco,5005,0.03
Gnosca,5006,0.0
Gorduno,5007,0.03
Gudo,5008,0.04
Isone,5009,0.46
Lumino,5010,0.0
Moleno,5012,0.0
Monte Carasso,5013,0.0
Pianezzo,5014,0.0
Preonzo,5015,0.11
Sant'Antonino,5017,0.14
Sant'Antonio,5018,0.03
Sementina,5019,0.02
Acquarossa,5048,0.48
Blenio,5049,0.63
Serravalle,5050,0.21
Airolo,5061,0.33
Bedretto,5063,0.0
Bodio,5064,0.0
Dalpe,5071,0.43
Faido,5072,0.17
Giornico,5073,0.05
Personico,5076,0.15
Pollegio,5077,0.14
Prato (Leventina),5078,0.16
Quinto,5079,0.53
Sobrio,5081,0.42
Ascona,5091,0.0
Brione (Verzasca),5095,0.08
Brione sopra Minusio,5096,0.05
Brissago,5097,0.0
Corippo,5102,0.0
Frasco,5105,0.46
Gordola,5108,0.0
Gresso,5109,0.0
Lavertezzo,5112,0.0
Locarno,5113,0.03
Losone,5115,0.0
Mergoscia,5117,0.0
Minusio,5118,0.0
Mosogno,5119,0.04
Muralto,5120,0.0
Orselina,5121,0.0
Ronco sopra Ascona,5125,0.0
Sonogno,5129,0.73
Tenero-Contra,5131,0.0
Vergeletto,5132,0.0
Vogorno,5135,0.09
Onsernone,5136,0.12
Isorno,5137,0.0
Cugnasco-Gerra,5138,0.05
Terre di Pedemonte,5396,0.0
Centovalli,5397,0.04
Gambarogno,5398,0.01
Agno,5141,0.01
Aranno,5143,0.01
Arogno,5144,0.05
Astano,5146,0.12
Bedano,5148,0.01
Bedigliora,5149,0.02
Bioggio,5151,0.03
Bissone,5154,0.0
Brusino Arsizio,5160,0.0
Cademario,5161,0.03
Cadempino,5162,0.0
Canobbio,5167,0.0
Caslano,5171,0.0
Comano,5176,0.0
Croglio,5178,0.03
Cureglia,5180,0.0
Curio,5181,0.02
Grancia,5186,0.0
Gravesano,5187,0.0
Lamone,5189,0.0
Lugano,5192,0.0
Magliaso,5193,0.0
Manno,5194,0.0
Maroggia,5195,0.0
Massagno,5196,0.0
Melano,5197,0.0
Melide,5198,0.0
Mezzovico-Vira,5199,0.02
Miglieglia,5200,0.08
Monteggio,5202,0.0
Morcote,5203,0.0
Muzzano,5205,0.02
Neggio,5206,0.0
Novaggio,5207,0.06
Origlio,5208,0.02
Paradiso,5210,0.0
Ponte Capriasca,5212,0.01
Ponte Tresa,5213,0.0
Porza,5214,0.0
Pura,5216,0.0
Rovio,5219,0.0
Savosa,5221,0.0
Sessa,5222,0.11
Sorengo,5225,0.0
Capriasca,5226,0.02
Torricella-Taverne,5227,0.01
Vernate,5230,0.0
Vezia,5231,0.03
Vico Morcote,5233,0.0
Collina d'Oro,5236,0.0
Alto Malcantone,5237,0.22
Monteceneri,5238,0.02
Balerna,5242,0.0
Castel San Pietro,5249,0.03
Chiasso,5250,0.0
Coldrerio,5251,0.05
Mendrisio,5254,0.01
Morbio Inferiore,5257,0.0
Novazzano,5260,0.11
Riva San Vitale,5263,0.0
Stabio,5266,0.0
Vacallo,5268,0.0
Breggia,5269,0.12
Biasca,5281,0.05
Claro,5282,0.08
Cresciano,5283,0.0
Iragna,5284,0.21
Lodrino,5285,0.07
Osogna,5286,0.01
Bosco/Gurin,5304,1.38
Campo (Vallemaggia),5307,0.54
Cerentino,5309,0.72
Cevio,5310,0.04
Linescio,5315,0.12
Maggia,5317,0.06
Lavizzara,5323,0.45
Avegno Gordevio,5324,0.32
Aigle,5401,0.01
Bex,5402,0.14
Chessel,5403,0.73
Corbeyrier,5404,0.27
Gryon,5405,0.04
Lavey-Morcles,5406,0.29
Leysin,5407,0.07
Noville,5408,0.47
Ollon,5409,0.17
Ormont-Dessous,5410,0.77
Ormont-Dessus,5411,0.37
Rennaz,5412,0.0
Roche (VD),5413,0.12
Villeneuve (VD),5414,0.01
Yvorne,5415,0.17
Avenches,5451,0.21
Cudrefin,5456,0.46
Faoug,5458,0.2
Vully-les-Lacs,5464,0.33
Brenles,5662,2.18
Bussy-sur-Moudon,5663,0.9
Chavannes-sur-Moudon,5665,2.99
Chesalles-sur-Moudon,5666,1.32
Cremin,5668,2.52
Curtilles,5669,0.88
Dompierre (VD),5671,0.58
Forel-sur-Lucens,5672,3.72
Hermenches,5673,0.77
Lovatens,5674,2.1
Lucens,5675,0.04
Moudon,5678,0.14
Prévonloup,5683,0.42
Rossenges,5684,1.09
Sarzens,5686,3.51
Syens,5688,0.34
Villars-le-Comte,5690,1.4
Vucherens,5692,0.35
Carrouge (VD),5782,0.41
Corcelles-le-Jorat,5785,2.22
Ropraz,5798,1.01
Vulliens,5803,1.14
Champtauroz,5812,1.38
Chevroux,5813,0.25
Corcelles-près-Payerne,5816,0.57
Grandcour,5817,1.1
Henniez,5819,0.3
Missy,5821,2.07
Payerne,5822,0.19
Trey,5827,0.75
Treytorrens (Payerne),5828,1.98
Villarzel,5830,1.26
Valbroye,5831,1.0
Bettens,5471,0.82
Bournens,5472,0.47
Boussens,5473,0.32
Daillens,5480,0.31
Lussery-Villars,5487,0.55
Mex (VD),5489,0.1
Penthalaz,5495,0.0
Penthaz,5496,0.08
Sullens,5501,0.0
Vufflens-la-Ville,5503,0.16
Assens,5511,0.76
Bercher,5512,0.05
Bioley-Orjulaz,5513,0.42
Bottens,5514,0.47
Bretigny-sur-Morrens,5515,0.01
Cugy (VD),5516,0.04
Echallens,5518,0.11
Essertines-sur-Yverdon,5520,0.73
Etagnières,5521,0.55
Fey,5522,0.42
Froideville,5523,0.16
Morrens (VD),5527,0.25
Oulens-sous-Echallens,5529,0.2
Pailly,5530,0.83
Penthéréaz,5531,0.37
Poliez-Pittet,5533,0.54
Rueyres,5534,0.69
Saint-Barthélemy (VD),5535,0.39
Villars-le-Terroir,5537,0.51
Vuarrens,5539,1.09
Montilliez,5540,0.7
Goumoëns,5541,0.3
Boulens,5661,0.9
Ogens,5680,0.4
Montanaire,5693,1.09
Jorat-Menthue,5804,0.76
Oppens,5923,1.32
Bonvillars,5551,0.32
Bullet,5552,0.81
Champagne,5553,0.09
Concise,5554,0.26
Corcelles-près-Concise,5555,0.73
Fiez,5556,0.34
Fontaines-sur-Grandson,5557,0.68
Giez,5559,0.4
Grandevent,5560,0.4
Grandson,5561,0.11
Mauborget,5562,2.16
Mutrux,5563,1.56
Novalles,5564,2.75
Onnens (VD),5565,0.16
Provence,5566,3.91
Sainte-Croix,5568,0.3
Tévenon,5571,0.49
L'Abergement,5741,0.31
Agiez,5742,1.15
Arnex-sur-Orbe,5743,0.68
Ballaigues,5744,0.7
Baulmes,5745,0.4
Bavois,5746,0.55
Bofflens,5747,2.62
Bretonnières,5748,1.7
Chavornay,5749,0.13
Les Clées,5750,0.84
Corcelles-sur-Chavornay,5751,0.36
Croy,5752,0.13
Juriens,5754,1.26
Lignerolle,5755,1.17
Montcherand,5756,0.78
Orbe,5757,0.08
La Praz,5758,1.96
Premier,5759,2.34
Rances,5760,1.37
Romainmôtier-Envy,5761,0.45
Sergey,5762,1.3
Valeyres-sous-Rances,5763,0.79
Vallorbe,5764,0.18
Vaulion,5765,0.89
Vuiteboeuf,5766,0.57
L'Abbaye,5871,0.38
Le Chenit,5872,0.39
Le Lieu,5873,0.85
Belmont-sur-Yverdon,5902,0.91
Bioley-Magnoux,5903,0.73
Chamblon,5904,0.0
Champvent,5905,1.1
Chavannes-le-Chêne,5907,0.49
Chêne-Pâquier,5908,0.34
Cheseaux-Noréaz,5909,0.19
Cronay,5910,1.14
Cuarny,5911,0.97
Démoret,5912,0.91
Donneloye,5913,0.7
Ependes (VD),5914,0.09
Essert-Pittet,5915,0.0
Mathod,5919,1.41
Molondin,5921,1.25
Montagny-près-Yverdon,5922,0.32
Orges,5924,0.15
Orzens,5925,0.63
Pomy,5926,0.54
Rovray,5928,3.78
Suchy,5929,0.7
Suscévaz,5930,0.69
Treycovagnes,5931,0.0
Ursins,5932,0.53
Valeyres-sous-Montagny,5933,0.18
Valeyres-sous-Ursins,5934,1.01
Villars-Epeney,5935,0.79
Vugelles-La Mothe,5937,1.27
Yverdon-les-Bains,5938,0.01
Yvonand,5939,0.16
Cheseaux-sur-Lausanne,5582,0.07
Epalinges,5584,0.0
Jouxtens-Mézery,5585,0.0
Lausanne,5586,0.0
Le Mont-sur-Lausanne,5587,0.03
Romanel-sur-Lausanne,5592,0.0
Belmont-sur-Lausanne,5581,0.04
Paudex,5588,0.0
Pully,5590,0.02
Chexbres,5601,0.05
Forel (Lavaux),5604,0.76
Lutry,5606,0.01
Puidoux,5607,0.76
Rivaz,5609,0.0
Saint-Saphorin (Lavaux),5610,0.03
Savigny,5611,0.34
Bourg-en-Lavaux,5613,0.09
Essertes,5788,1.05
Ferlens (VD),5789,0.34
Maracon,5790,0.52
Mézières (VD),5791,0.34
Montpreveyres,5792,0.19
Servion,5799,0.19
Oron,5805,0.57
Apples,5421,0.18
Aubonne,5422,0.09
Ballens,5423,0.84
Berolle,5424,2.27
Bière,5425,0.83
Bougy-Villars,5426,0.0
Féchy,5427,0.05
Gimel,5428,0.42
Mollens (VD),5431,2.13
Montherod,5432,0.44
Saint-Livres,5435,0.79
Saint-Oyens,5436,0.36
Saubraz,5437,0.24
La Chaux (Cossonay),5474,0.67
Chavannes-le-Veyron,5475,5.8
Chevilly,5476,0.5
Cossonay,5477,0.08
Cottens (VD),5478,0.79
Cuarnens,5479,0.51
Dizy,5481,0.89
Eclépens,5482,0.5
Ferreyres,5483,0.83
Gollion,5484,0.49
Grancy,5485,1.11
L'Isle,5486,0.78
Mauraz,5488,1.8
Moiry,5490,1.02
Mont-la-Ville,5491,1.34
Montricher,5492,1.17
Orny,5493,1.23
Pampigny,5494,1.19
Pompaples,5497,0.37
La Sarraz,5498,0.09
Senarclens,5499,0.22
Sévery,5500,1.76
Aclens,5621,0.47
Bremblens,5622,0.64
Buchillon,5623,0.0
Bussy-Chardonney,5625,0.4
Chigny,5628,0.0
Clarmont,5629,2.3
Denens,5631,0.25
Denges,5632,0.0
Echandens,5633,0.0
Echichens,5634,0.32
Etoy,5636,0.0
Lavigny,5637,0.05
Lonay,5638,0.0
Lully (VD),5639,0.04
Lussy-sur-Morges,5640,0.0
Morges,5642,0.0
Préverenges,5643,0.0
Reverolle,5644,0.02
Romanel-sur-Morges,5645,0.23
Saint-Prex,5646,0.01
Tolochenaz,5649,0.0
Vaux-sur-Morges,5650,1.52
Villars-sous-Yens,5652,0.53
Vufflens-le-Château,5653,0.0
Vullierens,5654,0.44
Yens,5655,0.26
Allaman,5851,0.0
Longirod,5429,1.8
Marchissy,5430,1.14
Saint-George,5434,0.34
Arnex-sur-Nyon,5701,0.2
Arzier-Le Muids,5702,0.14
Bassins,5703,0.64
Begnins,5704,0.03
Bogis-Bossey,5705,0.18
Borex,5706,0.02
Chavannes-de-Bogis,5707,0.02
Chavannes-des-Bois,5708,0.0
Chéserex,5709,0.07
Coinsins,5710,0.17
Commugny,5711,0.05
Coppet,5712,0.0
Crans-près-Céligny,5713,0.13
Crassier,5714,0.03
Duillier,5715,0.11
Eysins,5716,0.04
Founex,5717,0.03
Genolier,5718,0.24
Gingins,5719,0.34
Givrins,5720,0.44
Gland,5721,0.02
Grens,5722,1.0
Mies,5723,0.0
Nyon,5724,0.01
Prangins,5725,0.04
La Rippe,5726,0.44
Saint-Cergue,5727,0.0
Signy-Avenex,5728,0.21
Tannay,5729,0.05
Trélex,5730,0.32
Le Vaud,5731,0.28
Vich,5732,0.0
Bursinel,5852,0.0
Bursins,5853,0.23
Burtigny,5854,1.19
Dully,5855,0.0
Essertines-sur-Rolle,5856,0.67
Gilly,5857,0.21
Luins,5858,0.02
Mont-sur-Rolle,5859,0.08
Perroy,5860,0.05
Rolle,5861,0.0
Tartegnin,5862,0.0
Vinzel,5863,0.01
Crissier,5583,0.0
Prilly,5589,0.0
Renens (VD),5591,0.0
Bussigny,5624,0.01
Chavannes-près-Renens,5627,0.0
Ecublens (VD),5635,0.0
Saint-Sulpice (VD),5648,0.0
Villars-Sainte-Croix,5651,0.07
Château-d'Oex,5841,0.96
Rossinière,5842,1.02
Rougemont,5843,1.3
Blonay,5881,0.06
Chardonne,5882,0.17
Corseaux,5883,0.0
Corsier-sur-Vevey,5884,0.11
Jongny,5885,0.18
Montreux,5886,0.02
Saint-Légier-La Chiésaz,5888,0.08
La Tour-de-Peilz,5889,0.0
Vevey,5890,0.0
Veytaux,5891,0.0
Brig-Glis,6002,0.03
Eggerberg,6004,0.12
Naters,6007,0.05
Ried-Brig,6008,0.21
Simplon,6009,0.82
Termen,6010,0.04
Zwischbergen,6011,0.45
Ardon,6021,0.02
Chamoson,6022,0.01
Conthey,6023,0.06
Nendaz,6024,0.18
Vétroz,6025,0.05
Bagnes,6031,0.19
Bourg-Saint-Pierre,6032,0.26
Liddes,6033,0.83
Orsières,6034,0.33
Sembrancher,6035,0.32
Vollèges,6036,0.39
Bellwald,6052,0.28
Binn,6054,0.87
Blitzingen,6055,1.12
Ernen,6056,0.68
Fiesch,6057,0.05
Fieschertal,6058,0.39
Lax,6061,0.67
Niederwald,6064,0.96
Grafschaft,6073,0.96
Münster-Geschinen,6074,0.39
Reckingen-Gluringen,6075,0.63
Obergoms,6076,0.89
Les Agettes,6081,0.4
Ayent,6082,0.06
Evolène,6083,0.56
Hérémence,6084,0.2
Saint-Martin (VS),6087,0.19
Vex,6089,0.1
Mont-Noble,6090,0.4
Agarn,6101,0.27
Albinen,6102,0.3
Ergisch,6104,0.66
Inden,6109,0.38
Leuk,6110,0.2
Leukerbad,6111,0.1
Oberems,6112,0.74
Salgesch,6113,0.11
Varen,6116,0.07
Guttet-Feschel,6117,0.16
Gampel-Bratsch,6118,0.09
Turtmann-Unterems,6119,0.55
Bovernier,6131,0.0
Charrat,6132,0.02
Fully,6133,0.03
Isérables,6134,0.23
Leytron,6135,0.06
Martigny,6136,0.03
Martigny-Combe,6137,0.11
Riddes,6139,0.03
Saillon,6140,0.05
Saxon,6141,0.01
Trient,6142,0.14
Champéry,6151,0.31
Collombey-Muraz,6152,0.2
Monthey,6153,0.02
Port-Valais,6154,0.09
Saint-Gingolph,6155,0.01
Troistorrents,6156,0.09
Val-d'Illiez,6157,0.44
Vionnaz,6158,0.09
Vouvry,6159,0.2
Bister,6172,2.39
Bitsch,6173,0.05
Grengiols,6177,1.18
Riederalp,6181,0.33
Ausserberg,6191,0.08
Blatten,6192,0.24
Bürchen,6193,0.34
Eischoll,6194,0.32
Ferden,6195,0.14
Kippel,6197,0.09
Niedergesteln,6198,0.06
Raron,6199,0.15
Unterbäch,6201,0.37
Wiler (Lötschen),6202,0.14
Mörel-Filet,6203,0.11
Steg-Hohtenn,6204,0.04
Bettmeralp,6205,0.63
Collonges,6211,0.32
Dorénaz,6212,0.14
Evionnaz,6213,0.1
Finhaut,6214,0.06
Massongex,6215,0.17
Saint-Maurice,6217,0.05
Salvan,6218,0.06
Vernayaz,6219,0.05
Vérossaz,6220,0.42
Chalais,6232,0.04
Chermignon,6234,0.07
Chippis,6235,0.05
Grône,6238,0.04
Icogne,6239,0.16
Lens,6240,0.07
Miège,6241,0.03
Mollens (VS),6242,0.03
Montana,6243,0.0
Randogne,6244,0.02
Saint-Léonard,6246,0.03
Sierre,6248,0.01
Venthône,6249,0.07
Veyras,6250,0.0
Anniviers,6252,0.21
Arbaz,6261,0.12
Grimisuat,6263,0.05
Savièse,6265,0.06
Sion,6266,0.01
Veysonnaz,6267,0.16
Baltschieder,6281,0.03
Eisten,6282,0.21
Embd,6283,0.49
Grächen,6285,0.11
Lalden,6286,0.11
Randa,6287,0.0
Saas-Almagell,6288,0.22
Saas-Balen,6289,0.12
Saas-Fee,6290,0.03
Saas-Grund,6291,0.12
St. Niklaus,6292,0.15
Stalden (VS),6293,0.1
Staldenried,6294,0.08
Täsch,6295,0.01
Törbel,6296,0.44
Visp,6297,0.06
Visperterminen,6298,0.11
Zeneggen,6299,0.52
Zermatt,6300,0.01
Bevaix,6402,0.07
Boudry,6404,0.04
Corcelles-Cormondrèche,6407,0.03
Cortaillod,6408,0.0
Fresens,6409,1.51
Gorgier,6410,0.24
Montalchez,6411,2.81
Peseux,6412,0.0
Saint-Aubin-Sauges,6414,0.08
Vaumarcus,6415,0.28
Milvignes,6416,0.04
La Chaux-de-Fonds,6421,0.11
Les Planchettes,6422,2.28
La Sagne,6423,1.7
Les Brenets,6431,0.64
La Brévine,6432,5.19
Brot-Plamboz,6433,6.07
Le Cerneux-Péquignot,6434,3.89
La Chaux-du-Milieu,6435,2.33
Le Locle,6436,0.12
Les Ponts-de-Martel,6437,1.48
Cornaux,6451,0.22
Cressier (NE),6452,0.02
Enges,6453,0.89
Hauterive (NE),6454,0.0
Le Landeron,6455,0.11
Lignières,6456,1.06
Neuchâtel,6458,0.01
Saint-Blaise,6459,0.05
La Tène,6461,0.01
Valangin,6485,0.94
Val-de-Ruz,6487,0.39
La Côte-aux-Fées,6504,2.29
Les Verrières,6511,3.14
Val-de-Travers,6512,0.6
Aire-la-Ville,6601,0.03
Anières,6602,0.02
Avully,6603,0.15
Avusy,6604,0.09
Bardonnex,6605,0.0
Bellevue,6606,0.0
Bernex,6607,0.02
Carouge (GE),6608,0.0
Cartigny,6609,0.0
Céligny,6610,0.44
Chancy,6611,0.0
Chêne-Bougeries,6612,0.0
Chêne-Bourg,6613,0.0
Choulex,6614,0.09
Collex-Bossy,6615,0.06
Collonge-Bellerive,6616,0.0
Cologny,6617,0.0
Confignon,6618,0.0
Corsier (GE),6619,0.0
Dardagny,6620,0.0
Genève,6621,0.0
Genthod,6622,0.06
Le Grand-Saconnex,6623,0.0
Gy,6624,0.05
Hermance,6625,0.0
Jussy,6626,0.04
Laconnex,6627,0.02
Lancy,6628,0.0
Meinier,6629,0.21
Meyrin,6630,0.0
Onex,6631,0.0
Perly-Certoux,6632,0.0
Plan-les-Ouates,6633,0.0
Pregny-Chambésy,6634,0.0
Presinge,6635,0.48
Puplinge,6636,0.03
Russin,6637,0.0
Satigny,6638,0.05
Soral,6639,0.0
Thônex,6640,0.0
Troinex,6641,0.0
Vandoeuvres,6642,0.01
Vernier,6643,0.0
Versoix,6644,0.0
Veyrier,6645,0.0
Boécourt,6702,0.76
Bourrignon,6703,4.75
Châtillon (JU),6704,1.27
Corban,6705,1.45
Courchapoix,6706,1.76
Courrendlin,6708,0.23
Courroux,6709,0.38
Courtételle,6710,0.32
Delémont,6711,0.08
Develier,6712,0.81
Ederswiler,6713,2.96
Mervelier,6715,0.9
Mettembert,6716,1.36
Movelier,6718,1.12
Pleigne,6719,3.5
Rebeuvelier,6720,1.44
Rossemaison,6721,0.78
Saulcy,6722,1.91
Soyhières,6724,0.51
Vellerat,6728,0.38
Haute-Sorne,6729,0.41
Val Terbi,6730,0.96
Le Bémont (JU),6741,4.48
Les Bois,6742,1.5
Les Breuleux,6743,0.7
La Chaux-des-Breuleux,6744,2.76
Les Enfers,6745,2.8
Les Genevez (JU),6748,1.46
Lajoux (JU),6750,1.72
Montfaucon,6751,2.2
Muriaux,6753,3.01
Le Noirmont,6754,0.56
Saignelégier,6757,0.69
Saint-Brais,6758,4.1
Soubey,6759,6.45
Alle,6771,0.75
Beurnevésin,6773,3.11
Boncourt,6774,0.9
Bonfol,6775,1.29
Bure,6778,1.53
Coeuve,6781,1.06
Cornol,6782,0.71
Courchavon,6783,1.27
Courgenay,6784,0.53
Courtedoux,6785,0.68
Damphreux,6787,4.92
Fahy,6789,2.72
Fontenais,6790,0.96
Grandfontaine,6792,2.48
Lugnez,6793,2.57
Porrentruy,6800,0.15
Rocourt,6803,2.29
Vendlincourt,6806,1.8
Basse-Allaine,6807,1.54
Clos du Doubs,6808,3.5
Haute-Ajoie,6809,2.53
La Baroche,6810,1.7
