pre_id,pre_name,post_id,post_name,date
2028,Montagny-la-Ville,2029,Montagny (FR),01.01.2000
2029,Montagny-les-Monts,2029,Montagny (FR),01.01.2000
2249,Corsalettes,2200,Grolley,01.01.2000
2267,Kleingurmels,2262,Gurmels,01.01.2000
4542,Willisdorf,4545,Diessenhofen,01.01.2000
6053,Biel (VS),6073,Grafschaft,01.10.2000
6068,Ritzingen,6073,Grafschaft,01.10.2000
6069,Selkingen,6073,Grafschaft,01.10.2000
6108,Guttet,6117,Guttet-Feschel,01.10.2000
6106,Feschel,6117,Guttet-Feschel,01.10.2000
2161,Vuippens,2140,Marsens,01.01.2001
2215,Onnens (FR),2234,La Brillaz,01.01.2001
2202,Lentigny,2234,La Brillaz,01.01.2001
2204,Lovens,2234,La Brillaz,01.01.2001
2110,Villarsiviriaux,2114,Villorsonnens,01.01.2001
2107,Villargiroud,2114,Villorsonnens,01.01.2001
2070,Chavannes-sous-Orsonnens,2114,Villorsonnens,01.01.2001
2093,Orsonnens,2114,Villorsonnens,01.01.2001
2141,Maules,2152,Sâles,01.01.2001
2151,Rueyres-Treyfayes,2152,Sâles,01.01.2001
2150,Romanens,2152,Sâles,01.01.2001
2152,Sâles (Gruyère),2152,Sâles,01.01.2001
2103,Vauderens,2102,Ursy,01.01.2001
2064,Bionnens,2102,Ursy,01.01.2001
2091,Mossel,2102,Ursy,01.01.2001
2077,Gillarens,2097,Rue,01.01.2001
2095,Promasens,2097,Rue,01.01.2001
2188,Ecuvillens,2233,Hauterive (FR),01.01.2001
2219,Posieux,2233,Hauterive (FR),01.01.2001
2181,Corjolens,2174,Avry,01.01.2001
2174,Avry-sur-Matran,2174,Avry,01.01.2001
5092,Auressio,5137,Isorno,13.04.2001
5093,Berzona,5137,Isorno,13.04.2001
5114,Loco,5137,Isorno,13.04.2001
5228,Vaglio,5226,Capriasca,18.10.2001
5164,Cagiallo,5226,Capriasca,18.10.2001
5190,Lopagno,5226,Capriasca,18.10.2001
5218,Roveredo-Capriasca,5226,Capriasca,18.10.2001
5220,Sala Capriasca,5226,Capriasca,18.10.2001
5226,Tesserete,5226,Capriasca,18.10.2001
5454,Champmartin,5456,Cudrefin,01.01.2002
4278,Mühlethal,4289,Zofingen,01.01.2002
2121,Albeuve,2121,Haut-Intyamon,01.01.2002
2142,Montbovon,2121,Haut-Intyamon,01.01.2002
2144,Neirivue,2121,Haut-Intyamon,01.01.2002
2139,Lessoc,2121,Haut-Intyamon,01.01.2002
3591,Camuns,3599,Suraua,01.01.2002
3599,Surcasti,3599,Suraua,01.01.2002
3601,Tersnaus,3599,Suraua,01.01.2002
3602,Uors-Peiden,3599,Suraua,01.01.2002
2100,Sommentier,2113,Vuisternens-devant-Romont,01.01.2003
2108,Villariaz,2113,Vuisternens-devant-Romont,01.01.2003
2075,Estévenens,2113,Vuisternens-devant-Romont,01.01.2003
2081,La Joux (FR),2113,Vuisternens-devant-Romont,01.01.2003
2085,La Magne,2113,Vuisternens-devant-Romont,01.01.2003
2071,Les Ecasseys,2113,Vuisternens-devant-Romont,01.01.2003
2082,Lieffrens,2113,Vuisternens-devant-Romont,01.01.2003
2122,Avry-devant-Pont,2122,Pont-en-Ogoz,01.01.2003
2136,Gumefens,2122,Pont-en-Ogoz,01.01.2003
2146,Le Bry,2122,Pont-en-Ogoz,01.01.2003
2232,Zénauva,2220,Le Mouret,01.01.2003
2190,Essert (FR),2220,Le Mouret,01.01.2003
2210,Montévraz,2220,Le Mouret,01.01.2003
2214,Oberried (FR),2220,Le Mouret,01.01.2003
2220,Praroman,2220,Le Mouret,01.01.2003
2176,Bonnefontaine,2220,Le Mouret,01.01.2003
2282,Wallenbuch,2262,Gurmels,01.01.2003
2269,Liebistorf,2262,Gurmels,01.01.2003
2263,Guschelmuth,2262,Gurmels,01.01.2003
2253,Courtaman,2254,Courtepin,01.01.2003
2229,Villarsel-le-Gibloux,2223,Le Glèbe,01.01.2003
2227,Villarlod,2223,Le Glèbe,01.01.2003
2191,Estavayer-le-Gibloux,2223,Le Glèbe,01.01.2003
2223,Rueyres-Saint-Laurent,2223,Le Glèbe,01.01.2003
5797,La Rogivue,5790,Maracon,01.01.2003
3709,Patzen-Fardün,3705,Donat,01.01.2003
6175,Goppisberg,6181,Riederalp,01.11.2003
6176,Greich,6181,Riederalp,01.11.2003
6180,Ried-Mörel,6181,Riederalp,01.11.2003
618,Niederwichtrach,632,Wichtrach,01.01.2004
621,Oberwichtrach,632,Wichtrach,01.01.2004
864,Englisberg,888,Wald (BE),01.01.2004
887,Zimmerwald,888,Wald (BE),01.01.2004
1604,Diesbach (GL),1614,Luchsingen,01.01.2004
1611,Hätzingen,1614,Luchsingen,01.01.2004
2001,Aumont,2050,Les Montets,01.01.2004
2020,Frasses,2050,Les Montets,01.01.2004
2023,Granges-de-Vesin,2050,Les Montets,01.01.2004
2032,Montet (Broye),2050,Les Montets,01.01.2004
2026,Mannens-Grandsivaz,2029,Montagny (FR),01.01.2004
2062,Berlens,2087,Mézières (FR),01.01.2004
2105,Villaraboud,2099,Siviriez,01.01.2004
2069,Chavannes-les-Forts,2099,Siviriez,01.01.2004
2094,Prez-vers-Siviriez,2099,Siviriez,01.01.2004
2101,Torny-le-Grand,2115,Torny,01.01.2004
2088,Middes,2115,Torny,01.01.2004
2158,Villars-sous-Mont,2162,Bas-Intyamon,01.01.2004
2133,Estavannens,2162,Bas-Intyamon,01.01.2004
2132,Enney,2162,Bas-Intyamon,01.01.2004
2092,La Neirigue,2113,Vuisternens-devant-Romont,01.01.2004
2182,Cormagens,2235,La Sonnaz,01.01.2004
2180,La Corbaz,2235,La Sonnaz,01.01.2004
2203,Lossy-Formangueires,2235,La Sonnaz,01.01.2004
2324,Bouloz,2337,Le Flon,01.01.2004
2330,Pont (Veveyse),2337,Le Flon,01.01.2004
2331,Porsel,2337,Le Flon,01.01.2004
2329,Grattavache,2338,La Verrerie,01.01.2004
2326,Le Crêt,2338,La Verrerie,01.01.2004
2332,Progens,2338,La Verrerie,01.01.2004
2322,Besencens,2335,Saint-Martin (FR),01.01.2004
2327,Fiaugères,2335,Saint-Martin (FR),01.01.2004
2912,Barzheim,2920,Thayngen,01.01.2004
5033,Castro,5048,Acquarossa,04.04.2004
5034,Corzoneso,5048,Acquarossa,04.04.2004
5035,Dongio,5048,Acquarossa,04.04.2004
5037,Largario,5048,Acquarossa,04.04.2004
5042,Marolta,5048,Acquarossa,04.04.2004
5038,Leontica,5048,Acquarossa,04.04.2004
5039,Lottigna,5048,Acquarossa,04.04.2004
5044,Ponto Valentino,5048,Acquarossa,04.04.2004
5045,Prugiasco,5048,Acquarossa,04.04.2004
5234,Viganello,5192,Lugano,04.04.2004
5179,Cureggia,5192,Lugano,04.04.2004
5182,Davesco-Soragno,5192,Lugano,04.04.2004
5158,Breganzona,5192,Lugano,04.04.2004
5184,Gandria,5192,Lugano,04.04.2004
5215,Pregassona,5192,Lugano,04.04.2004
5209,Pambio-Noranco,5192,Lugano,04.04.2004
5211,Pazzallo,5192,Lugano,04.04.2004
5265,Salorino,5254,Mendrisio,04.04.2004
5322,Someo,5317,Maggia,04.04.2004
5311,Coglio,5317,Maggia,04.04.2004
5301,Aurigeno,5317,Maggia,04.04.2004
5313,Giumaglio,5317,Maggia,04.04.2004
5319,Moghegno,5317,Maggia,04.04.2004
5316,Lodano,5317,Maggia,04.04.2004
5175,Cimo,5151,Bioggio,04.04.2004
5156,Bosco Luganese,5151,Bioggio,04.04.2004
5306,Brontallo,5323,Lavizzara,04.04.2004
5305,Broglio,5323,Lavizzara,04.04.2004
5312,Fusio,5323,Lavizzara,04.04.2004
5318,Menzonio,5323,Lavizzara,04.04.2004
5321,Prato-Sornico,5323,Lavizzara,04.04.2004
5320,Peccia,5323,Lavizzara,04.04.2004
5142,Agra,5236,Collina d'Oro,04.04.2004
5185,Gentilino,5236,Collina d'Oro,04.04.2004
5201,Montagnola,5236,Collina d'Oro,04.04.2004
1101,Schwarzenbach,1081,Beromünster,01.09.2004
6059,Geschinen,6074,Münster-Geschinen,01.10.2004
6063,Münster (VS),6074,Münster-Geschinen,01.10.2004
6060,Gluringen,6075,Reckingen-Gluringen,01.10.2004
6067,Reckingen (VS),6075,Reckingen-Gluringen,01.10.2004
6070,Steinhaus,6056,Ernen,01.10.2004
6051,Ausserbinn,6056,Ernen,01.10.2004
6062,Mühlebach,6056,Ernen,01.10.2004
1105,Wilihof,1104,Triengen,01.01.2005
1090,Kulmerau,1104,Triengen,01.01.2005
1029,Herlisberg,1039,Römerswil,01.01.2005
2007,Chapelle (Broye),2009,Cheiry,01.01.2005
2046,Vesin,2011,Cugy (FR),01.01.2005
2012,Delley,2051,Delley-Portalban,01.01.2005
2036,Portalban,2051,Delley-Portalban,01.01.2005
2037,Praratoud,2044,Surpierre,01.01.2005
2083,Lussy (FR),2116,La Folliaz,01.01.2005
2109,Villarimboud,2116,La Folliaz,01.01.2005
2247,Cordast,2262,Gurmels,01.01.2005
2905,Osterfingen,2974,Wilchingen,01.01.2005
3354,Krummenau,3358,Nesslau-Krummenau,01.01.2005
3355,Nesslau,3358,Nesslau-Krummenau,01.01.2005
5901,Arrissoules,5928,Rovray,01.01.2005
5016,Robasacco,5003,Cadenazzo,13.03.2005
5232,Vezio,5237,Alto Malcantone,13.03.2005
5145,Arosio,5237,Alto Malcantone,13.03.2005
5159,Breno,5237,Alto Malcantone,13.03.2005
5183,Fescoggia,5237,Alto Malcantone,13.03.2005
5204,Mugena,5237,Alto Malcantone,13.03.2005
1144,Uffikon,1125,Dagmersellen,01.01.2006
1124,Buchs (LU),1125,Dagmersellen,01.01.2006
1133,Kottwil,1128,Ettiswil,01.01.2006
1148,Willisau Land,1151,Willisau,01.01.2006
1149,Willisau Stadt,1151,Willisau,01.01.2006
1134,Langnau bei Reiden,1140,Reiden,01.01.2006
1141,Richenthal,1140,Reiden,01.01.2006
2002,Autavaux,2052,Vernay,01.01.2006
2018,Forel (FR),2052,Vernay,01.01.2006
2031,Montbrelloz,2052,Vernay,01.01.2006
2003,Bollion,2025,Lully (FR),01.01.2006
2042,Seiry,2025,Lully (FR),01.01.2006
2074,Esmonts,2112,Vuarmarens,01.01.2006
2156,Villarbeney,2123,Botterens,01.01.2006
2154,La Tour-de-Trême,2125,Bulle,01.01.2006
2241,Agriswil,2276,Ried bei Kerzers,01.01.2006
2496,Obererlinsbach,2503,Erlinsbach (SO),01.01.2006
2494,Niedererlinsbach,2503,Erlinsbach (SO),01.01.2006
3692,Medels im Rheinwald,3694,Splügen,01.01.2006
4043,Unterehrendingen,4049,Ehrendingen,01.01.2006
4036,Oberehrendingen,4049,Ehrendingen,01.01.2006
4116,Stilli,4121,Villigen,01.01.2006
5065,Calonico,5072,Faido,29.01.2006
5069,Chiggiogna,5072,Faido,29.01.2006
5080,Rossura,5072,Faido,29.01.2006
1621,Nidfurn,1610,Haslen,01.07.2006
1612,Leuggelbach,1610,Haslen,01.07.2006
5457,Donatyre,5451,Avenches,01.07.2006
5823,Rossens (VD),5830,Villarzel,01.07.2006
5825,Sédeilles,5830,Villarzel,01.07.2006
5047,Torre,5049,Blenio,22.10.2006
5032,Campo (Blenio),5049,Blenio,22.10.2006
5031,Aquila,5049,Blenio,22.10.2006
5036,Ghirone,5049,Blenio,22.10.2006
5043,Olivone,5049,Blenio,22.10.2006
5308,Cavergno,5310,Cevio,22.10.2006
5303,Bignasco,5310,Cevio,22.10.2006
327,Gutenburg,332,Madiswil,01.01.2007
926,Forst,948,Forst-Längenbühl,01.01.2007
933,Längenbühl,948,Forst-Längenbühl,01.01.2007
1034,Lieli,1032,Hohenrain,01.01.2007
3335,Jona,3340,Rapperswil-Jona,01.01.2007
3336,Rapperswil (SG),3340,Rapperswil-Jona,01.01.2007
3892,St. Antönien Ascharina,3893,St. Antönien,01.01.2007
984,Oberönz,979,Herzogenbuchsee,01.01.2008
3702,Ausserferrera,3713,Ferrera,01.01.2008
3706,Innerferrera,3713,Ferrera,01.01.2008
3928,Pagig,3931,St. Peter-Pagig,01.01.2008
3930,St. Peter,3931,St. Peter-Pagig,01.01.2008
3944,Says,3945,Trimmis,01.01.2008
5920,Mézery-près-Donneloye,5913,Donneloye,01.01.2008
5917,Gossens,5913,Donneloye,01.01.2008
5104,Cugnasco,5138,Cugnasco-Gerra,20.04.2008
5107,Gerra (Verzasca),5138,Cugnasco-Gerra,20.04.2008
5235,Villa Luganese,5192,Lugano,20.04.2008
5168,Carabbia,5192,Lugano,20.04.2008
5147,Barbengo,5192,Lugano,20.04.2008
5177,Corticiasca,5226,Capriasca,20.04.2008
5150,Bidogno,5226,Capriasca,20.04.2008
5191,Lugaggia,5226,Capriasca,20.04.2008
5392,C'za Bidogno/Capriasca/Corticiasca,5226,Capriasca,20.04.2008
5393,C'za Capriasca/Lugaggia,5226,Capriasca,20.04.2008
5188,Iseo,5151,Bioggio,20.04.2008
5302,Avegno,5324,Avegno Gordevio,20.04.2008
5314,Gordevio,5324,Avegno Gordevio,20.04.2008
882,Rüti bei Riggisberg,879,Riggisberg,01.01.2009
986,Röthenbach bei Herzogenbuchsee,977,Heimenhausen,01.01.2009
994,Wanzwil,977,Heimenhausen,01.01.2009
1042,Sulz (LU),1030,Hitzkirch,01.01.2009
1028,Hämikon,1030,Hitzkirch,01.01.2009
1027,Gelfingen,1030,Hitzkirch,01.01.2009
1035,Mosen,1030,Hitzkirch,01.01.2009
1036,Müswangen,1030,Hitzkirch,01.01.2009
1038,Retschwil,1030,Hitzkirch,01.01.2009
1087,Gunzwil,1081,Beromünster,01.01.2009
1106,Winikon,1104,Triengen,01.01.2009
2911,Altdorf (SH),2920,Thayngen,01.01.2009
2913,Bibern (SH),2920,Thayngen,01.01.2009
2916,Hofen,2920,Thayngen,01.01.2009
2918,Opfertshofen (SH),2920,Thayngen,01.01.2009
2934,Hemmental,2939,Schaffhausen,01.01.2009
3371,Brunnadern,3378,Neckertal,01.01.2009
3376,St. Peterzell,3378,Neckertal,01.01.2009
3406,Mogelsberg,3378,Neckertal,01.01.2009
3523,Wiesen (GR),3851,Davos,01.01.2009
3573,Flond,3617,Mundaun,01.01.2009
3600,Surcuolm,3617,Mundaun,01.01.2009
3632,Feldis/Veulden,3671,Tomils,01.01.2009
3639,Scheid,3671,Tomils,01.01.2009
3641,Trans,3671,Tomils,01.01.2009
3642,Tumegl/Tomils,3671,Tomils,01.01.2009
3704,Clugin,3701,Andeer,01.01.2009
3710,Pignia,3701,Andeer,01.01.2009
3841,Fuldera,3847,Val Müstair,01.01.2009
3842,Lü,3847,Val Müstair,01.01.2009
3843,Müstair,3847,Val Müstair,01.01.2009
3844,Sta. Maria Val Müstair,3847,Val Müstair,01.01.2009
3845,Tschierv,3847,Val Müstair,01.01.2009
3846,Valchava,3847,Val Müstair,01.01.2009
3914,Praden,3932,Tschiertschen-Praden,01.01.2009
3915,Tschiertschen,3932,Tschiertschen-Praden,01.01.2009
5526,Malapalud,5511,Assens,01.01.2009
6071,Ulrichen,6076,Obergoms,01.01.2009
6065,Obergesteln,6076,Obergoms,01.01.2009
6066,Oberwald,6076,Obergoms,01.01.2009
6103,Bratsch,6118,Gampel-Bratsch,01.01.2009
6107,Gampel,6118,Gampel-Bratsch,01.01.2009
6174,Filet,6203,Mörel-Filet,01.01.2009
6179,Mörel,6203,Mörel-Filet,01.01.2009
6200,Steg,6204,Steg-Hohtenn,01.01.2009
6196,Hohtenn,6204,Steg-Hohtenn,01.01.2009
6251,Vissoie,6252,Anniviers,01.01.2009
6233,Chandolin,6252,Anniviers,01.01.2009
6231,Ayer,6252,Anniviers,01.01.2009
6237,Grimentz,6252,Anniviers,01.01.2009
6245,Saint-Jean,6252,Anniviers,01.01.2009
6247,Saint-Luc,6252,Anniviers,01.01.2009
6460,Thielle-Wavre,6461,La Tène,01.01.2009
6457,Marin-Epagnier,6461,La Tène,01.01.2009
6510,Travers,6512,Val-de-Travers,01.01.2009
6503,Buttes,6512,Val-de-Travers,01.01.2009
6505,Couvet,6512,Val-de-Travers,01.01.2009
6502,Boveresse,6512,Val-de-Travers,01.01.2009
6506,Fleurier,6512,Val-de-Travers,01.01.2009
6507,Môtiers (NE),6512,Val-de-Travers,01.01.2009
6508,Noiraigue,6512,Val-de-Travers,01.01.2009
6501,Les Bayards,6512,Val-de-Travers,01.01.2009
6509,Saint-Sulpice (NE),6512,Val-de-Travers,01.01.2009
6746,Epauvillers,6808,Clos du Doubs,01.01.2009
6747,Epiquerez,6808,Clos du Doubs,01.01.2009
6795,Montenol,6808,Clos du Doubs,01.01.2009
6797,Montmelon,6808,Clos du Doubs,01.01.2009
6798,Ocourt,6808,Clos du Doubs,01.01.2009
6804,Saint-Ursanne,6808,Clos du Doubs,01.01.2009
6805,Seleute,6808,Clos du Doubs,01.01.2009
6749,Goumois,6757,Saignelégier,01.01.2009
6756,Les Pommerats,6757,Saignelégier,01.01.2009
6752,Montfavergier,6751,Montfaucon,01.01.2009
6755,Le Peuchapatte,6753,Muriaux,01.01.2009
6772,Asuel,6810,La Baroche,01.01.2009
6779,Charmoille,6810,La Baroche,01.01.2009
6791,Fregiécourt,6810,La Baroche,01.01.2009
6794,Miécourt,6810,La Baroche,01.01.2009
6799,Pleujouse,6810,La Baroche,01.01.2009
6777,Buix,6807,Basse-Allaine,01.01.2009
6786,Courtemaîche,6807,Basse-Allaine,01.01.2009
6796,Montignez,6807,Basse-Allaine,01.01.2009
6780,Chevenez,6809,Haute-Ajoie,01.01.2009
6788,Damvant,6809,Haute-Ajoie,01.01.2009
6801,Réclère,6809,Haute-Ajoie,01.01.2009
6802,Roche-d'Or,6809,Haute-Ajoie,01.01.2009
5267,Tremona,5254,Mendrisio,05.04.2009
5247,Capolago,5254,Mendrisio,05.04.2009
5241,Arzo,5254,Mendrisio,05.04.2009
5252,Genestrerio,5254,Mendrisio,05.04.2009
5262,Rancate,5254,Mendrisio,05.04.2009
5094,Borgnone,5397,Centovalli,25.10.2009
5122,Palagnedra,5397,Centovalli,25.10.2009
5111,Intragna,5397,Centovalli,25.10.2009
5244,Bruzella,5269,Breggia,25.10.2009
5245,Cabbio,5269,Breggia,25.10.2009
5258,Morbio Superiore,5269,Breggia,25.10.2009
5259,Muggio,5269,Breggia,25.10.2009
5264,Sagno,5269,Breggia,25.10.2009
5246,Caneggio,5269,Breggia,25.10.2009
343,Untersteckholz,329,Langenthal,01.01.2010
531,Ballmoos,540,Jegenstorf,01.01.2010
601,Aeschlen,619,Oberdiessbach,01.01.2010
752,Tüscherz-Alfermée,756,Twann-Tüscherz,01.01.2010
753,Twann,756,Twann-Tüscherz,01.01.2010
1060,Littau,1061,Luzern,01.01.2010
2447,Brunnenthal,2457,Messen,01.01.2010
2443,Balm bei Messen,2457,Messen,01.01.2010
2460,Oberramsern,2457,Messen,01.01.2010
3351,Alt St. Johann,3359,Wildhaus-Alt St. Johann,01.01.2010
3357,Wildhaus,3359,Wildhaus-Alt St. Johann,01.01.2010
3664,Portein,3661,Cazis,01.01.2010
3665,Präz,3661,Cazis,01.01.2010
3666,Sarn,3661,Cazis,01.01.2010
3667,Tartar,3661,Cazis,01.01.2010
3771,Bondo,3792,Bregaglia,01.01.2010
3773,Castasegna,3792,Bregaglia,01.01.2010
3774,Soglio,3792,Bregaglia,01.01.2010
3775,Stampa,3792,Bregaglia,01.01.2010
3776,Vicosoprano,3792,Bregaglia,01.01.2010
3912,Malix,3911,Churwalden,01.01.2010
3913,Parpan,3911,Churwalden,01.01.2010
4011,Rohr (AG),4001,Aarau,01.01.2010
4070,Hilfikon,4080,Villmergen,01.01.2010
4118,Umiken,4095,Brugg,01.01.2010
4180,Wil (AG),4184,Mettauertal,01.01.2010
4101,Hottwil,4184,Mettauertal,01.01.2010
4162,Etzgen,4184,Mettauertal,01.01.2010
4171,Mettau,4184,Mettauertal,01.01.2010
4174,Oberhofen (AG),4184,Mettauertal,01.01.2010
4168,Ittenthal,4169,Kaisten,01.01.2010
4178,Sulz (AG),4170,Laufenburg,01.01.2010
5134,Vira (Gambarogno),5398,Gambarogno,25.04.2010
5098,Caviano,5398,Gambarogno,25.04.2010
5101,Contone,5398,Gambarogno,25.04.2010
5106,Gerra (Gambarogno),5398,Gambarogno,25.04.2010
5110,Indemini,5398,Gambarogno,25.04.2010
5116,Magadino,5398,Gambarogno,25.04.2010
5128,Sant'Abbondio,5398,Gambarogno,25.04.2010
5127,San Nazzaro,5398,Gambarogno,25.04.2010
5123,Piazzogna,5398,Gambarogno,25.04.2010
5165,Camignolo,5238,Monteceneri,21.11.2010
5153,Bironico,5238,Monteceneri,21.11.2010
5011,Medeglia,5238,Monteceneri,21.11.2010
5217,Rivera,5238,Monteceneri,21.11.2010
5223,Sigirino,5238,Monteceneri,21.11.2010
384,Busswil bei Büren,306,Lyss,01.01.2011
328,Kleindietwil,332,Madiswil,01.01.2011
330,Leimiswil,332,Madiswil,01.01.2011
851,Albligen,855,Schwarzenburg,01.01.2011
854,Wahlern,855,Schwarzenburg,01.01.2011
974,Bollodingen,973,Bettenhausen,01.01.2011
1629,Sool,1631,Glarus Süd,01.01.2011
1603,Braunwald,1631,Glarus Süd,01.01.2011
1601,Betschwanden,1631,Glarus Süd,01.01.2011
1605,Elm,1631,Glarus Süd,01.01.2011
1606,Engi,1631,Glarus Süd,01.01.2011
1616,Mitlödi,1631,Glarus Süd,01.01.2011
1615,Matt,1631,Glarus Süd,01.01.2011
1613,Linthal,1631,Glarus Süd,01.01.2011
1626,Rüti (GL),1631,Glarus Süd,01.01.2011
1627,Schwanden (GL),1631,Glarus Süd,01.01.2011
1628,Schwändi,1631,Glarus Süd,01.01.2011
1614,Luchsingen,1631,Glarus Süd,01.01.2011
1610,Haslen,1631,Glarus Süd,01.01.2011
1602,Bilten,1630,Glarus Nord,01.01.2011
1608,Filzbach,1630,Glarus Nord,01.01.2011
1618,Mühlehorn,1630,Glarus Nord,01.01.2011
1617,Mollis,1630,Glarus Nord,01.01.2011
1623,Oberurnen,1630,Glarus Nord,01.01.2011
1624,Obstalden,1630,Glarus Nord,01.01.2011
1619,Näfels,1630,Glarus Nord,01.01.2011
1622,Niederurnen,1630,Glarus Nord,01.01.2011
1609,Glarus,1632,Glarus,01.01.2011
1607,Ennenda,1632,Glarus,01.01.2011
1620,Netstal,1632,Glarus,01.01.2011
1625,Riedern,1632,Glarus,01.01.2011
2159,Villarvolard,2129,Corbières,01.01.2011
2552,Niederwil (SO),2554,Riedholz,01.01.2011
3971,Fanas,3961,Grüsch,01.01.2011
3973,Valzeina,3961,Grüsch,01.01.2011
6088,Vernamiège,6090,Mont-Noble,01.01.2011
6086,Nax,6090,Mont-Noble,01.01.2011
6085,Mase,6090,Mont-Noble,01.01.2011
5433,Pizy,5422,Aubonne,01.07.2011
5461,Oleyres,5451,Avenches,01.07.2011
5460,Mur (VD),5464,Vully-les-Lacs,01.07.2011
5459,Montmagny,5464,Vully-les-Lacs,01.07.2011
5452,Bellerive (VD),5464,Vully-les-Lacs,01.07.2011
5455,Constantine,5464,Vully-les-Lacs,01.07.2011
5453,Chabrey,5464,Vully-les-Lacs,01.07.2011
5462,Vallamand,5464,Vully-les-Lacs,01.07.2011
5463,Villars-le-Grand,5464,Vully-les-Lacs,01.07.2011
5532,Poliez-le-Grand,5540,Montilliez,01.07.2011
5528,Naz,5540,Montilliez,01.07.2011
5517,Dommartin,5540,Montilliez,01.07.2011
5536,Sugnens,5540,Montilliez,01.07.2011
5519,Eclagnens,5541,Goumoëns,01.07.2011
5525,Goumoens-le-Jux,5541,Goumoëns,01.07.2011
5524,Goumoens-la-Ville,5541,Goumoëns,01.07.2011
5796,Peney-le-Jorat,5804,Jorat-Menthue,01.07.2011
5677,Montaubion-Chardonney,5804,Jorat-Menthue,01.07.2011
5691,Villars-Mendraz,5804,Jorat-Menthue,01.07.2011
5687,Sottens,5804,Jorat-Menthue,01.07.2011
5538,Villars-Tiercelin,5804,Jorat-Menthue,01.07.2011
5567,Romairon,5571,Tévenon,01.07.2011
5558,Fontanezier,5571,Tévenon,01.07.2011
5569,Vaugondry,5571,Tévenon,01.07.2011
5570,Villars-Burquin,5571,Tévenon,01.07.2011
5608,Riex,5613,Bourg-en-Lavaux,01.07.2011
5603,Epesses,5613,Bourg-en-Lavaux,01.07.2011
5605,Grandvaux,5613,Bourg-en-Lavaux,01.07.2011
5602,Cully,5613,Bourg-en-Lavaux,01.07.2011
5612,Villette (Lavaux),5613,Bourg-en-Lavaux,01.07.2011
5647,Saint-Saphorin-sur-Morges,5634,Echichens,01.07.2011
5641,Monnaz,5634,Echichens,01.07.2011
5630,Colombier (VD),5634,Echichens,01.07.2011
5681,Oulens-sur-Lucens,5675,Lucens,01.07.2011
5824,Sassel,5831,Valbroye,01.07.2011
5826,Seigneux,5831,Valbroye,01.07.2011
5820,Marnand,5831,Valbroye,01.07.2011
5818,Granges-près-Marnand,5831,Valbroye,01.07.2011
5815,Combremont-le-Petit,5831,Valbroye,01.07.2011
5814,Combremont-le-Grand,5831,Valbroye,01.07.2011
5811,Cerniaz (VD),5831,Valbroye,01.07.2011
5829,Villars-Bramard,5831,Valbroye,01.07.2011
5918,Gressy,5938,Yverdon-les-Bains,01.07.2011
862,Belpberg,861,Belp,01.01.2012
2017,Font,2015,Estavayer-le-Lac,01.01.2012
2112,Vuarmarens,2102,Ursy,01.01.2012
2531,Steinhof,2511,Aeschi (SO),01.01.2012
3942,Igis,3955,Landquart,01.01.2012
3943,Mastrils,3955,Landquart,01.01.2012
3984,Schlans,3987,Trun,01.01.2012
4225,Benzenschwil,4234,Merenschwand,01.01.2012
5795,Palézieux,5805,Oron,01.01.2012
5801,Les Thioleyres,5805,Oron,01.01.2012
5800,Les Tavernes,5805,Oron,01.01.2012
5793,Oron-la-Ville,5805,Oron,01.01.2012
5794,Oron-le-Châtel,5805,Oron,01.01.2012
5787,Ecoteaux,5805,Oron,01.01.2012
5784,Chesalles-sur-Oron,5805,Oron,01.01.2012
5781,Bussigny-sur-Oron,5805,Oron,01.01.2012
5783,Châtillens,5805,Oron,01.01.2012
5802,Vuibroye,5805,Oron,01.01.2012
5786,Les Cullayes,5799,Servion,01.01.2012
5916,Essert-sous-Champvent,5905,Champvent,01.01.2012
5936,Villars-sous-Champvent,5905,Champvent,01.01.2012
5927,Prahins,5913,Donneloye,01.01.2012
5041,Malvaglia,5050,Serravalle,01.04.2012
5040,Ludiano,5050,Serravalle,01.04.2012
5046,Semione,5050,Serravalle,01.04.2012
5067,Campello,5072,Faido,01.04.2012
5068,Cavagnago,5072,Faido,01.04.2012
5066,Calpiogna,5072,Faido,01.04.2012
5070,Chironico,5072,Faido,01.04.2012
5062,Anzonico,5072,Faido,01.04.2012
5074,Mairengo,5072,Faido,01.04.2012
5075,Osco,5072,Faido,01.04.2012
5169,Carabietta,5236,Collina d'Oro,01.04.2012
308,Niederried bei Kallnach,304,Kallnach,01.01.2013
548,Ruppoldsried,310,Rapperswil (BE),01.01.2013
631,Trimstein,616,Münsingen,01.01.2013
1003,Escholzmatt,1010,Escholzmatt-Marbach,01.01.2013
1006,Marbach (LU),1010,Escholzmatt-Marbach,01.01.2013
1092,Neudorf,1081,Beromünster,01.01.2013
1096,Pfeffikon,1097,Rickenbach (LU),01.01.2013
1138,Ohmstal,1143,Schötz,01.01.2013
2244,Büchslen,2275,Murten,01.01.2013
2459,Nennigkofen,2464,Lüsslingen-Nennigkofen,01.01.2013
2454,Lüsslingen,2464,Lüsslingen-Nennigkofen,01.01.2013
2522,Hersiwil,2535,Drei Höfe,01.01.2013
2521,Heinrichswil-Winistorf,2535,Drei Höfe,01.01.2013
2902,Guntmadingen,2932,Beringen,01.01.2013
3314,Rieden,3341,Gommiswald,01.01.2013
3331,Ernetschwil,3341,Gommiswald,01.01.2013
3334,Gommiswald,3341,Gommiswald,01.01.2013
3332,Eschenbach (SG),3342,Eschenbach (SG),01.01.2013
3333,Goldingen,3342,Eschenbach (SG),01.01.2013
3337,St. Gallenkappel,3342,Eschenbach (SG),01.01.2013
3356,Stein (SG),3360,Nesslau,01.01.2013
3358,Nesslau-Krummenau,3360,Nesslau,01.01.2013
3373,Krinau,3379,Wattwil,01.01.2013
3377,Wattwil,3379,Wattwil,01.01.2013
3391,Bütschwil,3395,Bütschwil-Ganterschwil,01.01.2013
3403,Ganterschwil,3395,Bütschwil-Ganterschwil,01.01.2013
3421,Bronschhofen,3427,Wil (SG),01.01.2013
3425,Wil (SG),3427,Wil (SG),01.01.2013
3586,Valendas,3672,Safiental,01.01.2013
3587,Versam,3672,Safiental,01.01.2013
3651,Safien,3672,Safiental,01.01.2013
3652,Tenna,3672,Safiental,01.01.2013
3592,Cumbel,3618,Lumnezia,01.01.2013
3594,Degen,3618,Lumnezia,01.01.2013
3595,Lumbrein,3618,Lumnezia,01.01.2013
3596,Morissen,3618,Lumnezia,01.01.2013
3604,Vignogn,3618,Lumnezia,01.01.2013
3605,Vella,3618,Lumnezia,01.01.2013
3606,Vrin,3618,Lumnezia,01.01.2013
3599,Suraua,3618,Lumnezia,01.01.2013
3751,Ramosch,3764,Valsot,01.01.2013
3753,Tschlin,3764,Valsot,01.01.2013
3922,Calfreisen,3921,Arosa,01.01.2013
3923,Castiel,3921,Arosa,01.01.2013
3924,Langwies,3921,Arosa,01.01.2013
3925,Lüen,3921,Arosa,01.01.2013
3927,Molinis,3921,Arosa,01.01.2013
3929,Peist,3921,Arosa,01.01.2013
3931,St. Peter-Pagig,3921,Arosa,01.01.2013
4119,Unterbözberg,4124,Bözberg,01.01.2013
4098,Gallenkirch,4124,Bözberg,01.01.2013
4108,Oberbözberg,4124,Bözberg,01.01.2013
4103,Linn,4124,Bözberg,01.01.2013
5682,Peyres-Possens,5693,Montanaire,01.01.2013
5685,Saint-Cierges,5693,Montanaire,01.01.2013
5676,Martherenges,5693,Montanaire,01.01.2013
5679,Neyruz-sur-Moudon,5693,Montanaire,01.01.2013
5667,Correvon,5693,Montanaire,01.01.2013
5670,Denezy,5693,Montanaire,01.01.2013
5664,Chapelle-sur-Moudon,5693,Montanaire,01.01.2013
5906,Chanéaz,5693,Montanaire,01.01.2013
5689,Thierrens,5693,Montanaire,01.01.2013
6001,Birgisch,6007,Naters,01.01.2013
6006,Mund,6007,Naters,01.01.2013
6105,Erschmatt,6110,Leuk,01.01.2013
6114,Turtmann,6119,Turtmann-Unterems,01.01.2013
6115,Unterems,6119,Turtmann-Unterems,01.01.2013
6216,Mex (VS),6217,Saint-Maurice,01.01.2013
6264,Salins,6266,Sion,01.01.2013
6406,Colombier (NE),6416,Milvignes,01.01.2013
6401,Auvernier,6416,Milvignes,01.01.2013
6403,Bôle,6416,Milvignes,01.01.2013
6486,Villiers,6487,Val-de-Ruz,01.01.2013
6472,Cernier,6487,Val-de-Ruz,01.01.2013
6474,Coffrane,6487,Val-de-Ruz,01.01.2013
6473,Chézard-Saint-Martin,6487,Val-de-Ruz,01.01.2013
6471,Boudevilliers,6487,Val-de-Ruz,01.01.2013
6479,Fontaines (NE),6487,Val-de-Ruz,01.01.2013
6478,Fontainemelon,6487,Val-de-Ruz,01.01.2013
6477,Fenin-Vilars-Saules,6487,Val-de-Ruz,01.01.2013
6475,Dombresson,6487,Val-de-Ruz,01.01.2013
6476,Engollon,6487,Val-de-Ruz,01.01.2013
6482,Montmollin,6487,Val-de-Ruz,01.01.2013
6483,Le Pâquier (NE),6487,Val-de-Ruz,01.01.2013
6480,Les Geneveys-sur-Coffrane,6487,Val-de-Ruz,01.01.2013
6481,Les Hauts-Geneveys,6487,Val-de-Ruz,01.01.2013
6484,Savagnier,6487,Val-de-Ruz,01.01.2013
6701,Bassecourt,6729,Haute-Sorne,01.01.2013
6707,Courfaivre,6729,Haute-Sorne,01.01.2013
6714,Glovelier,6729,Haute-Sorne,01.01.2013
6723,Soulce,6729,Haute-Sorne,01.01.2013
6725,Undervelier,6729,Haute-Sorne,01.01.2013
6717,Montsevelier,6730,Val Terbi,01.01.2013
6726,Vermes,6730,Val Terbi,01.01.2013
6727,Vicques,6730,Val Terbi,01.01.2013
6776,Bressaucourt,6790,Fontenais,01.01.2013
5130,Tegna,5396,Terre di Pedemonte,14.04.2013
5133,Verscio,5396,Terre di Pedemonte,14.04.2013
5099,Cavigliano,5396,Terre di Pedemonte,14.04.2013
5224,Sonvico,5192,Lugano,14.04.2013
5229,Valcolla,5192,Lugano,14.04.2013
5173,Certara,5192,Lugano,14.04.2013
5170,Carona,5192,Lugano,14.04.2013
5163,Cadro,5192,Lugano,14.04.2013
5174,Cimadera,5192,Lugano,14.04.2013
5155,Bogno,5192,Lugano,14.04.2013
5243,Besazio,5254,Mendrisio,14.04.2013
5255,Meride,5254,Mendrisio,14.04.2013
5253,Ligornetto,5254,Mendrisio,14.04.2013
229,Wiesendangen,298,Wiesendangen,01.01.2014
212,Bertschikon,298,Wiesendangen,01.01.2014
440,Plagne,449,Sauge,01.01.2014
447,Vauffelin,449,Sauge,01.01.2014
534,Büren zum Hof,538,Fraubrunnen,01.01.2014
537,Etzelkofen,538,Fraubrunnen,01.01.2014
539,Grafenried,538,Fraubrunnen,01.01.2014
542,Limpach,538,Fraubrunnen,01.01.2014
545,Mülchi,538,Fraubrunnen,01.01.2014
549,Schalunen,538,Fraubrunnen,01.01.2014
555,Zauggenried,538,Fraubrunnen,01.01.2014
547,Münchringen,540,Jegenstorf,01.01.2014
550,Scheunen,540,Jegenstorf,01.01.2014
604,Bleiken bei Oberdiessbach,619,Oberdiessbach,01.01.2014
721,Diesse,726,Plateau de Diesse,01.01.2014
722,Lamboing,726,Plateau de Diesse,01.01.2014
725,Prêles,726,Plateau de Diesse,01.01.2014
764,Niederstocken,770,Stocken-Höfen,01.01.2014
765,Oberstocken,770,Stocken-Höfen,01.01.2014
930,Höfen,770,Stocken-Höfen,01.01.2014
781,Gadmen,784,Innertkirchen,01.01.2014
871,Kienersrüti,885,Uttigen,01.01.2014
2126,Cerniat (FR),2163,Val-de-Charmey,01.01.2014
2127,Charmey,2163,Val-de-Charmey,01.01.2014
2462,Tscheppach,2465,Buchegg,01.01.2014
2446,Brügglen,2465,Buchegg,01.01.2014
2442,Aetingen,2465,Buchegg,01.01.2014
2441,Aetigkofen,2465,Buchegg,01.01.2014
2444,Bibern (SO),2465,Buchegg,01.01.2014
2449,Gossliwil,2465,Buchegg,01.01.2014
2450,Hessigkofen,2465,Buchegg,01.01.2014
2458,Mühledorf (SO),2465,Buchegg,01.01.2014
2452,Küttigkofen,2465,Buchegg,01.01.2014
2453,Kyburg-Buchegg,2465,Buchegg,01.01.2014
3571,Castrisch,3619,Ilanz/Glion,01.01.2014
3574,Ilanz,3619,Ilanz/Glion,01.01.2014
3576,Ladir,3619,Ilanz/Glion,01.01.2014
3577,Luven,3619,Ilanz/Glion,01.01.2014
3578,Pitasch,3619,Ilanz/Glion,01.01.2014
3579,Riein,3619,Ilanz/Glion,01.01.2014
3580,Ruschein,3619,Ilanz/Glion,01.01.2014
3583,Schnaus,3619,Ilanz/Glion,01.01.2014
3584,Sevgein,3619,Ilanz/Glion,01.01.2014
3593,Duvin,3619,Ilanz/Glion,01.01.2014
3613,Pigniu,3619,Ilanz/Glion,01.01.2014
3614,Rueun,3619,Ilanz/Glion,01.01.2014
3615,Siat,3619,Ilanz/Glion,01.01.2014
4069,Hermetschwil-Staffeln,4063,Bremgarten (AG),01.01.2014
4109,Oberflachs,4125,Schinznach,01.01.2014
4115,Schinznach-Dorf,4125,Schinznach,01.01.2014
4321,Unterendingen,4305,Endingen,01.01.2014
6171,Betten,6205,Bettmeralp,01.01.2014
6178,Martisberg,6205,Bettmeralp,01.01.2014
179,Sternenberg,297,Bauma,01.01.2015
171,Bauma,297,Bauma,01.01.2015
436,La Heutte,450,Péry-La Heutte,01.01.2015
439,Péry,450,Péry-La Heutte,01.01.2015
682,Bévilard,717,Valbirse,01.01.2015
697,Malleray,717,Valbirse,01.01.2015
702,Pontenet,717,Valbirse,01.01.2015
684,Châtelat,716,Petit-Val,01.01.2015
699,Monible,716,Petit-Val,01.01.2015
710,Sornetan,716,Petit-Val,01.01.2015
712,Souboz,716,Petit-Val,01.01.2015
3501,Alvaschein,3542,Albula/Alvra,01.01.2015
3502,Mon,3542,Albula/Alvra,01.01.2015
3504,Stierva,3542,Albula/Alvra,01.01.2015
3505,Tiefencastel,3542,Albula/Alvra,01.01.2015
3511,Alvaneu,3542,Albula/Alvra,01.01.2015
3512,Brienz/Brinzauls,3542,Albula/Alvra,01.01.2015
3515,Surava,3542,Albula/Alvra,01.01.2015
3598,St. Martin,3603,Vals,01.01.2015
3631,Almens,3673,Domleschg,01.01.2015
3634,Paspels,3673,Domleschg,01.01.2015
3635,Pratval,3673,Domleschg,01.01.2015
3636,Rodels,3673,Domleschg,01.01.2015
3671,Tomils,3673,Domleschg,01.01.2015
3741,Ardez,3762,Scuol,01.01.2015
3742,Guarda,3762,Scuol,01.01.2015
3745,Tarasp,3762,Scuol,01.01.2015
3761,Ftan,3762,Scuol,01.01.2015
3763,Sent,3762,Scuol,01.01.2015
3743,Lavin,3746,Zernez,01.01.2015
3744,Susch,3746,Zernez,01.01.2015
3801,Arvigo,3837,Calanca,01.01.2015
3803,Braggio,3837,Calanca,01.01.2015
3806,Cauco,3837,Calanca,01.01.2015
3811,Selma,3837,Calanca,01.01.2015
175,Kyburg,296,Illnau-Effretikon,01.01.2016
174,Illnau-Effretikon,296,Illnau-Effretikon,01.01.2016
532,Bangerten,310,Rapperswil (BE),01.01.2016
417,Niederösch,405,Ersigen,01.01.2016
419,Oberösch,405,Ersigen,01.01.2016
978,Hermiswil,988,Seeberg,01.01.2016
2014,Dompierre (FR),2053,Belmont-Broye,01.01.2016
2013,Domdidier,2053,Belmont-Broye,01.01.2016
2040,Russy,2053,Belmont-Broye,01.01.2016
2024,Léchelles,2053,Belmont-Broye,01.01.2016
2172,Autafond,2175,Belfaux,01.01.2016
2231,Vuisternens-en-Ogoz,2236,Gibloux,01.01.2016
2222,Rossens (FR),2236,Gibloux,01.01.2016
2192,Farvagny,2236,Gibloux,01.01.2016
2184,Corpataux-Magnedens,2236,Gibloux,01.01.2016
2223,Le Glèbe,2236,Gibloux,01.01.2016
2264,Jeuss,2275,Murten,01.01.2016
2270,Lurtigen,2275,Murten,01.01.2016
2277,Salvenach,2275,Murten,01.01.2016
2251,Courlevon,2275,Murten,01.01.2016
2281,Haut-Vully,2284,Mont-Vully,01.01.2016
2280,Bas-Vully,2284,Mont-Vully,01.01.2016
3531,Bivio,3543,Surses,01.01.2016
3532,Cunter,3543,Surses,01.01.2016
3533,Marmorera,3543,Surses,01.01.2016
3534,Mulegns,3543,Surses,01.01.2016
3536,Riom-Parsonz,3543,Surses,01.01.2016
3538,Salouf,3543,Surses,01.01.2016
3539,Savognin,3543,Surses,01.01.2016
3540,Sur,3543,Surses,01.01.2016
3541,Tinizong-Rona,3543,Surses,01.01.2016
3612,Obersaxen,3988,Obersaxen Mundaun,01.01.2016
3617,Mundaun,3988,Obersaxen Mundaun,01.01.2016
3883,Saas,3871,Klosters-Serneus,01.01.2016
3893,St. Antönien,3891,Luzein,01.01.2016
6405,Brot-Dessous,6413,Rochefort,01.01.2016
1081,Beromünster,1081,Beromünster,01.01.2015
1099,Schenkon,1099,Schenkon,01.01.2015
3603,Vals,3603,Vals,01.01.2015
3762,Scuol,3762,Scuol,01.01.2015
3746,Zernez,3746,Zernez,01.01.2015
310,Rapperswil (BE),310,Rapperswil (BE),01.01.2016
405,Ersigen,405,Ersigen,01.01.2016
988,Seeberg,988,Seeberg,01.01.2016
2175,Belfaux,2175,Belfaux,01.01.2016
2275,Murten,2275,Murten,01.01.2016
3871,Klosters-Serneus,3871,Klosters-Serneus,01.01.2016
3891,Luzein,3891,Luzein,01.01.2016
6413,Rochefort,6413,Rochefort,01.01.2016
5248,Casima,5249,Castel San Pietro,04.04.2004
5256,Monte,5249,Castel San Pietro,04.04.2004
