"Arealstatistik: Bodenbedeckung (NOLC04) nach Bezirk und Gemeinde, in Hektaren"

"Bezirk (>>) / Gemeinde (......)";"Fläche - Total 2004/09"
">> Affoltern";11308
"......Aeugst am Albis";787
"......Affoltern am Albis";1060
"......Bonstetten";745
"......Hausen am Albis";1368
"......Hedingen";653
"......Kappel am Albis";783
"......Knonau";651
"......Maschwanden";468
"......Mettmenstetten";1305
"......Obfelden";755
"......Ottenbach";498
"......Rifferswil";657
"......Stallikon";1201
"......Wettswil am Albis";377
">> Andelfingen";16661
"......Adlikon";664
"......Benken (ZH)";567
"......Berg am Irchel";706
"......Buch am Irchel";1012
"......Dachsen";269
"......Dorf";554
"......Feuerthalen";250
"......Flaach";1020
"......Flurlingen";240
"......Andelfingen";669
"......Henggart";306
"......Humlikon";368
"......Kleinandelfingen";1029
"......Laufen-Uhwiesen";625
"......Marthalen";1415
"......Oberstammheim";938
"......Ossingen";1311
"......Rheinau";893
"......Thalheim an der Thur";644
"......Trüllikon";956
"......Truttikon";443
"......Unterstammheim";727
"......Volken";327
"......Waltalingen";728
">> Bülach";18493
"......Bachenbülach";429
"......Bassersdorf";899
"......Bülach";1610
"......Dietlikon";422
"......Eglisau";908
"......Embrach";1274
"......Freienstein-Teufen";833
"......Glattfelden";1231
"......Hochfelden";615
"......Höri";477
"......Hüntwangen";493
"......Kloten";1930
"......Lufingen";519
"......Nürensdorf";1009
"......Oberembrach";1018
"......Opfikon";561
"......Rafz";1072
"......Rorbas";446
"......Wallisellen";646
"......Wasterkingen";394
"......Wil (ZH)";897
"......Winkel";810
">> Dielsdorf";15286
"......Bachs";915
"......Boppelsen";392
"......Buchs (ZH)";588
"......Dällikon";448
"......Dänikon";280
"......Dielsdorf";587
"......Hüttikon";160
"......Neerach";600
"......Niederglatt";360
"......Niederhasli";1131
"......Niederweningen";688
"......Oberglatt";823
"......Oberweningen";488
"......Otelfingen";721
"......Regensberg";238
"......Regensdorf";1463
"......Rümlang";1246
"......Schleinikon";565
"......Schöfflisdorf";399
"......Stadel";1289
"......Steinmaur";947
"......Weiach";958
">> Hinwil";17939
"......Bäretswil";2219
"......Bubikon";1164
"......Dürnten";1021
"......Fischenthal";3016
"......Gossau (ZH)";1828
"......Grüningen";880
"......Hinwil";2231
"......Rüti (ZH)";1008
"......Seegräben";377
"......Wald (ZH)";2524
"......Wetzikon (ZH)";1671
">> Horgen";10424
"......Adliswil";780
"......Hirzel";970
"......Horgen";2113
"......Hütten";724
"......Kilchberg (ZH)";260
"......Langnau am Albis";865
"......Oberrieden";277
"......Richterswil";755
"......Rüschlikon";292
"......Schönenberg (ZH)";1102
"......Thalwil";551
"......Wädenswil";1735
">> Meilen";8460
"......Erlenbach (ZH)";296
"......Herrliberg";896
"......Hombrechtikon";1216
"......Küsnacht (ZH)";1233
"......Männedorf";475
"......Meilen";1191
"......Oetwil am See";607
"......Stäfa";861
"......Uetikon am See";351
"......Zumikon";548
"......Zollikon";786
">> Pfäffikon";16315
"......Bauma";2083
"......Fehraltorf";950
"......Hittnau";1301
"......Illnau-Effretikon";2530
"......Kyburg";761
"......Lindau";1193
"......Pfäffikon";1949
"......Russikon";1428
"......Sternenberg";866
"......Weisslingen";1275
"......Wila";923
"......Wildberg";1056
">> Uster";11239
"......Dübendorf";1361
"......Egg";1450
"......Fällanden";641
"......Greifensee";233
"......Maur";1479
"......Mönchaltorf";763
"......Schwerzenbach";266
"......Uster";2854
"......Volketswil";1401
"......Wangen-Brüttisellen";791
">> Winterthur";25191
"......Altikon";768
"......Bertschikon";963
"......Brütten";665
"......Dägerlen";797
"......Dättlikon";290
"......Dinhard";708
"......Elgg";1556
"......Ellikon an der Thur";500
"......Elsau";804
"......Hagenbuch";816
"......Hettlingen";579
"......Hofstetten (ZH)";885
"......Neftenbach";1509
"......Pfungen";496
"......Rickenbach (ZH)";606
"......Schlatt (ZH)";906
"......Seuzach";760
"......Turbenthal";2524
"......Wiesendangen";949
"......Winterthur";6812
"......Zell (ZH)";1298
">> Dietikon";5998
"......Aesch (ZH)";520
"......Birmensdorf (ZH)";1143
"......Dietikon";928
"......Geroldswil";190
"......Oberengstringen";214
"......Oetwil an der Limmat";277
"......Schlieren";654
"......Uitikon";438
"......Unterengstringen";337
"......Urdorf";757
"......Weiningen (ZH)";540
">> Zürich";8790
"......Zürich";8790
">> Jura bernois";54165
"......Corgémont";1757
"......Cormoret";1351
"......Cortébert";1482
"......Courtelary";2209
"......La Ferrière";1418
"......La Heutte";806
"......Mont-Tramelan";467
"......Orvin";2164
"......Péry";1571
"......Plagne";750
"......Renan (BE)";1261
"......Romont (BE)";700
"......Saint-Imier";2085
"......Sonceboz-Sombeval";1499
"......Sonvilier";2377
"......Tramelan";2485
"......Vauffelin";597
"......Villeret";1626
"......Belprahon";384
"......Bévilard";578
"......Champoz";719
"......Châtelat";416
"......Corcelles (BE)";678
"......Court";2458
"......Crémines";951
"......Eschert";660
"......Grandval";819
"......Loveresse";478
"......Malleray";1020
"......Monible";335
"......Moutier";1962
"......Perrefitte";861
"......Pontenet";270
"......Reconvilier";822
"......Roches (BE)";905
"......Saicourt";1380
"......Saules (BE)";426
"......Schelten";554
"......Seehof";840
"......Sornetan";566
"......Sorvilier";684
"......Souboz";1059
"......Tavannes";1480
"......Rebévelier";355
"......Diesse";945
"......Lamboing";910
"......La Neuveville";681
"......Nods";2663
"......Prêles";701
">> Biel";9755
"......Biel/Bienne";2125
"......Evilard";364
"......Lengnau (BE)";732
"......Meinisberg";445
"......Pieterlen";830
"......Aegerten";216
"......Bellmund";381
"......Brügg";501
"......Ipsach";190
"......Ligerz";178
"......Mörigen";216
"......Nidau";152
"......Orpund";395
"......Port";243
"......Safnern";563
"......Scheuren";210
"......Schwadernau";412
"......Sutz-Lattrigen";361
"......Twann-Tüscherz";1241
">> Seeland";33442
"......Aarberg";792
"......Bargen (BE)";789
"......Grossaffoltern";1510
"......Kallnach";1517
"......Kappelen";1088
"......Lyss";1485
"......Radelfingen";1472
"......Rapperswil (BE)";2038
"......Schüpfen";1980
"......Seedorf (BE)";2094
"......Arch";641
"......Büetigen";362
"......Büren an der Aare";1263
"......Diessbach bei Büren";628
"......Dotzigen";422
"......Leuzigen";1029
"......Meienried";67
"......Oberwil bei Büren";673
"......Rüti bei Büren";650
"......Wengi";706
"......Brüttelen";661
"......Erlach";345
"......Finsterhennen";357
"......Gals";791
"......Gampelen";1080
"......Ins";2390
"......Lüscherz";543
"......Müntschemier";488
"......Siselen";553
"......Treiten";474
"......Tschugg";332
"......Vinelz";463
"......Bangerten";220
"......Bühl";298
"......Epsach";341
"......Hagneck";181
"......Hermrigen";345
"......Jens";460
"......Merzligen";226
"......Studen (BE)";270
"......Täuffelen";440
"......Walperswil";699
"......Worben";279
">> Oberaargau";33104
"......Aarwangen";987
"......Auswil";460
"......Bannwil";475
"......Bleienbach";569
"......Busswil bei Melchnau";284
"......Gondiswil";936
"......Langenthal";1727
"......Lotzwil";623
"......Madiswil";2316
"......Melchnau";1037
"......Obersteckholz";391
"......Oeschenbach";390
"......Reisiswil";197
"......Roggwil (BE)";782
"......Rohrbach";406
"......Rohrbachgraben";648
"......Rütschelen";399
"......Schwarzhäusern";375
"......Thunstetten";968
"......Ursenbach";913
"......Wynau";512
"......Eriswil";1133
"......Huttwil";1728
"......Walterswil (BE)";794
"......Wyssachen";1176
"......Attiswil";764
"......Berken";140
"......Bettenhausen";396
"......Farnern";365
"......Graben";317
"......Heimenhausen";583
"......Hermiswil";105
"......Herzogenbuchsee";982
"......Inkwil";338
"......Niederbipp";1745
"......Niederönz";278
"......Oberbipp";849
"......Ochlenberg";1208
"......Rumisberg";516
"......Seeberg";1578
"......Thörigen";454
"......Walliswil bei Niederbipp";144
"......Walliswil bei Wangen";307
"......Wangen an der Aare";521
"......Wangenried";290
"......Wiedlisbach";755
"......Wolfisberg";243
">> Emmental";69017
"......Aefligen";205
"......Alchenstorf";662
"......Burgdorf";1557
"......Ersigen";874
"......Hasle bei Burgdorf";2187
"......Heimiswil";2337
"......Hellsau";151
"......Hindelbank";672
"......Höchstetten";260
"......Kernenried";332
"......Kirchberg (BE)";905
"......Koppigen";692
"......Krauchthal";1936
"......Lyssach";606
"......Mötschwil";292
"......Niederösch";462
"......Oberburg";1415
"......Oberösch";212
"......Rüdtligen-Alchenflüh";270
"......Rumendingen";248
"......Rüti bei Lyssach";132
"......Willadingen";219
"......Wynigen";2824
"......Bätterkinden";1011
"......Utzenstorf";1696
"......Wiler bei Utzenstorf";380
"......Zielebach";191
"......Eggiwil";6025
"......Langnau im Emmental";4847
"......Lauperswil";2114
"......Röthenbach im Emmental";3681
"......Rüderswil";1718
"......Schangnau";3653
"......Signau";2212
"......Trub";6197
"......Trubschachen";1561
"......Affoltern im Emmental";1147
"......Dürrenroth";1404
"......Lützelflüh";2690
"......Rüegsau";1505
"......Sumiswald";5938
"......Trachselwald";1597
">> Bern-Mittelland";94643
"......Meikirch";1026
"......Bern";5159
"......Bolligen";1656
"......Bremgarten bei Bern";188
"......Kirchlindach";1192
"......Köniz";5108
"......Muri bei Bern";765
"......Oberbalm";1235
"......Stettlen";355
"......Vechigen";2481
"......Wohlen bei Bern";3622
"......Zollikofen";541
"......Ittigen";421
"......Ostermundigen";598
"......Bäriswil";277
"......Büren zum Hof";345
"......Deisswil bei Münchenbuchsee";213
"......Diemerswil";281
"......Etzelkofen";282
"......Fraubrunnen";769
"......Grafenried";475
"......Jegenstorf";891
"......Iffwil";503
"......Limpach";444
"......Mattstetten";379
"......Moosseedorf";632
"......Mülchi";382
"......Münchenbuchsee";890
"......Münchringen";239
"......Schalunen";140
"......Scheunen";219
"......Urtenen-Schönbühl";716
"......Wiggiswil";143
"......Zauggenried";366
"......Zuzwil (BE)";348
"......Arni (BE)";1041
"......Biglen";358
"......Bleiken bei Oberdiessbach";341
"......Bowil";1470
"......Brenzikofen";221
"......Freimettigen";293
"......Grosshöchstetten";344
"......Häutligen";304
"......Herbligen";274
"......Kiesen";471
"......Konolfingen";1278
"......Landiswil";1027
"......Linden";1325
"......Mirchel";236
"......Münsingen";1218
"......Niederhünigen";538
"......Oberdiessbach";1310
"......Oberthal";1061
"......Oppligen";340
"......Rubigen";699
"......Schlosswil";347
"......Tägertschi";360
"......Walkringen";1721
"......Worb";2100
"......Zäziwil";544
"......Oberhünigen";601
"......Allmendingen";378
"......Wichtrach";1159
"......Clavaleyres";98
"......Ferenbalm";923
"......Frauenkappelen";929
"......Golaten";278
"......Gurbrü";183
"......Kriechenwil";476
"......Laupen";408
"......Mühleberg";2629
"......Münchenwiler";247
"......Neuenegg";2196
"......Wileroltigen";411
"......Guggisberg";5487
"......Rüschegg";5741
"......Schwarzenburg";4482
"......Belp";2327
"......Gelterfingen";347
"......Gerzensee";784
"......Jaberg";128
"......Kaufdorf";210
"......Kehrsatz";443
"......Kirchdorf (BE)";610
"......Kirchenthurnen";126
"......Lohnstorf";183
"......Mühledorf (BE)";229
"......Mühlethurnen";292
"......Niedermuhlern";720
"......Noflen";274
"......Riggisberg";2993
"......Rüeggisberg";3570
"......Rümligen";465
"......Toffen";486
"......Wald (BE)";1328
">> Thun";32185
"......Niederstocken";549
"......Oberstocken";410
"......Reutigen";1128
"......Burgistein";750
"......Gurzelen";451
"......Kienersrüti";76
"......Seftigen";390
"......Uttigen";301
"......Wattenwil";1447
"......Amsoldingen";469
"......Blumenstein";1553
"......Buchholterberg";1527
"......Eriz";2178
"......Fahrni";667
"......Heiligenschwendi";557
"......Heimberg";536
"......Hilterfingen";279
"......Höfen";461
"......Homberg";648
"......Horrenbach-Buchen";2040
"......Oberhofen am Thunersee";277
"......Oberlangenegg";911
"......Pohlern";994
"......Schwendibach";151
"......Sigriswil";5536
"......Steffisburg";1345
"......Teuffenthal (BE)";457
"......Thierachern";754
"......Thun";2159
"......Uebeschi";438
"......Uetendorf";1016
"......Unterlangenegg";681
"......Wachseldorn";354
"......Zwieselberg";243
"......Forst-Längenbühl";452
">> Obersimmental-Saanen";57490
"......Boltigen";7696
"......Lenk";12304
"......St. Stephan";6085
"......Zweisimmen";7316
"......Gsteig";6241
"......Lauenen";5874
"......Saanen";11974
">> Frutigen-Niedersimmental";77380
"......Adelboden";8823
"......Aeschi bei Spiez";3092
"......Frutigen";7178
"......Kandergrund";3202
"......Kandersteg";13449
"......Krattigen";603
"......Reichenbach im Kandertal";12575
"......Därstetten";3279
"......Diemtigen";13002
"......Erlenbach im Simmental";3668
"......Oberwil im Simmental";4600
"......Spiez";1676
"......Wimmis";2233
">> Interlaken-Oberhasli";122897
"......Beatenberg";2922
"......Bönigen";1507
"......Brienz (BE)";4802
"......Brienzwiler";1764
"......Därligen";685
"......Grindelwald";17113
"......Gsteigwiler";703
"......Gündlischwand";1688
"......Habkern";5108
"......Hofstetten bei Brienz";870
"......Interlaken";436
"......Iseltwald";2185
"......Lauterbrunnen";16441
"......Leissigen";1037
"......Lütschental";1239
"......Matten bei Interlaken";597
"......Niederried bei Interlaken";429
"......Oberried am Brienzersee";2004
"......Ringgenberg (BE)";873
"......Saxeten";1916
"......Schwanden bei Brienz";705
"......Unterseen";1406
"......Wilderswil";1354
"......Gadmen";11656
"......Guttannen";20073
"......Hasliberg";4169
"......Innertkirchen";11999
"......Meiringen";4068
"......Schattenhalb";3148
">> Luzern-Stadt";2907
"......Luzern";2907
">> Luzern-Land";18752
"......Adligenswil";699
"......Buchrain";479
"......Dierikon";282
"......Ebikon";969
"......Gisikon";110
"......Greppen";330
"......Honau";125
"......Horw";1282
"......Kriens";2734
"......Malters";2857
"......Meggen";727
"......Meierskappel";675
"......Root";864
"......Schwarzenberg";3921
"......Udligenswil";625
"......Vitznau";892
"......Weggis";1181
">> Hochdorf";17749
"......Aesch (LU)";466
"......Altwis";290
"......Ballwil";873
"......Emmen";2034
"......Ermensee";570
"......Eschenbach (LU)";1319
"......Hitzkirch";2461
"......Hochdorf";959
"......Hohenrain";2339
"......Inwil";1033
"......Rain";942
"......Römerswil";1665
"......Rothenburg";1552
"......Schongau";1246
">> Sursee";27314
"......Beromünster";4219
"......Büron";539
"......Buttisholz";1677
"......Eich";589
"......Geuensee";643
"......Grosswangen";1969
"......Hildisrieden";699
"......Knutwil";978
"......Mauensee";717
"......Neuenkirch";2546
"......Nottwil";1031
"......Oberkirch";910
"......Rickenbach (LU)";1178
"......Ruswil";4531
"......Schenkon";677
"......Schlierbach";723
"......Sempach";895
"......Sursee";586
"......Triengen";2207
">> Willisau";33742
"......Alberswil";356
"......Altbüron";678
"......Altishofen";574
"......Dagmersellen";2386
"......Ebersecken";856
"......Egolzwil";417
"......Ettiswil";1251
"......Fischbach";805
"......Gettnau";602
"......Grossdietwil";1023
"......Hergiswil bei Willisau";3130
"......Luthern";3785
"......Menznau";3035
"......Nebikon";373
"......Pfaffnau";1755
"......Reiden";2701
"......Roggliswil";623
"......Schötz";1539
"......Ufhusen";1225
"......Wauwil";294
"......Wikon";828
"......Zell (LU)";1388
"......Willisau";4118
">> Entlebuch";42448
"......Doppleschwand";697
"......Entlebuch";5696
"......Flühli";10811
"......Hasle (LU)";4031
"......Romoos";3730
"......Schüpfheim";3851
"......Werthenstein";1569
"......Escholzmatt-Marbach";10635
"......Wolhusen";1428
">> Uri";105718
"......Altdorf (UR)";1023
"......Andermatt";6216
"......Attinghausen";4682
"......Bauen";379
"......Bürglen (UR)";5313
"......Erstfeld";5920
"......Flüelen";1242
"......Göschenen";10414
"......Gurtnellen";8335
"......Hospental";3497
"......Isenthal";6099
"......Realp";7796
"......Schattdorf";1627
"......Seedorf (UR)";1546
"......Seelisberg";1325
"......Silenen";14476
"......Sisikon";1629
"......Spiringen";6474
"......Unterschächen";8025
"......Wassen";9700
">> Einsiedeln";9906
"......Einsiedeln";9906
">> Gersau";1436
"......Gersau";1436
">> Höfe";3759
"......Feusisberg";1748
"......Freienbach";1377
"......Wollerau";634
">> Küssnacht (SZ)";2945
"......Küssnacht (SZ)";2945
">> March";17688
"......Altendorf";2045
"......Galgenen";1326
"......Innerthal";5018
"......Lachen";240
"......Reichenburg";1159
"......Schübelbach";2904
"......Tuggen";1355
"......Vorderthal";2796
"......Wangen (SZ)";845
">> Schwyz";49440
"......Alpthal";2293
"......Arth";4210
"......Illgau";1094
"......Ingenbohl";1347
"......Lauerz";924
"......Morschach";2080
"......Muotathal";17219
"......Oberiberg";3284
"......Riemenstalden";1117
"......Rothenthurm";2280
"......Sattel";1731
"......Schwyz";5319
"......Steinen";1185
"......Steinerberg";692
"......Unteriberg";4665
">> Obwalden";48063
"......Alpnach";5378
"......Engelberg";7476
"......Giswil";8594
"......Kerns";9262
"......Lungern";4655
"......Sachseln";5384
"......Sarnen";7314
">> Nidwalden";24161
"......Beckenried";2427
"......Buochs";994
"......Dallenwil";1549
"......Emmetten";2499
"......Ennetbürgen";939
"......Ennetmoos";1410
"......Hergiswil (NW)";1422
"......Oberdorf (NW)";1615
"......Stans";1111
"......Stansstad";914
"......Wolfenschiessen";9281
">> Glarus";68078
"......Glarus Nord";14698
"......Glarus Süd";43018
"......Glarus";10362
">> Zug";20705
"......Baar";2478
"......Cham";1776
"......Hünenberg";1841
"......Menzingen";2747
"......Neuheim";794
"......Oberägeri";3007
"......Risch";1484
"......Steinhausen";504
"......Unterägeri";2556
"......Walchwil";1353
"......Zug";2165
">> Broye";17379
"......Bussy (FR)";362
"......Châbles";477
"......Châtillon (FR)";130
"......Cheiry";648
"......Cheyres";513
"......Cugy (FR)";987
"......Domdidier";893
"......Dompierre (FR)";444
"......Estavayer-le-Lac";893
"......Fétigny";407
"......Gletterens";293
"......Léchelles";875
"......Lully (FR)";548
"......Ménières";435
"......Montagny (FR)";1752
"......Morens (FR)";260
"......Murist";820
"......Nuvilly";397
"......Prévondavaux";183
"......Rueyres-les-Prés";316
"......Russy";371
"......Saint-Aubin (FR)";790
"......Sévaz";247
"......Surpierre";477
"......Vallon";352
"......Villeneuve (FR)";357
"......Vuissens";560
"......Les Montets";1031
"......Delley-Portalban";726
"......Vernay";835
">> Glâne";16886
"......Auboranges";192
"......Billens-Hennens";490
"......Chapelle (Glâne)";203
"......Le Châtelard";748
"......Châtonnaye";633
"......Ecublens (FR)";487
"......Grangettes";336
"......Massonnens";424
"......Mézières (FR)";895
"......Montet (Glâne)";219
"......Romont (FR)";1090
"......Rue";1124
"......Siviriez";2029
"......Ursy";1495
"......Villaz-Saint-Pierre";553
"......Vuisternens-devant-Romont";2409
"......Villorsonnens";1550
"......Torny";1019
"......La Folliaz";990
">> Gruyère";48938
"......Haut-Intyamon";6047
"......Pont-en-Ogoz";995
"......Botterens";417
"......Broc";1006
"......Bulle";2386
"......Cerniat (FR)";3373
"......Charmey";7847
"......Châtel-sur-Montsalvens";200
"......Corbières";960
"......Crésuz";180
"......Echarlens";461
"......Grandvillard";2420
"......Gruyères";2839
"......Hauteville";1055
"......Jaun";5524
"......Marsens";780
"......Morlon";249
"......Le Pâquier (FR)";448
"......Pont-la-Ville";432
"......Riaz";778
"......La Roche";2404
"......Sâles";1878
"......Sorens";874
"......Vaulruz";1009
"......Vuadens";1049
"......Bas-Intyamon";3327
">> Sarine";21759
"......Arconciel";611
"......Autafond";243
"......Autigny";622
"......Avry";581
"......Belfaux";643
"......Chénens";397
"......Chésopelloz";166
"......Corminboeuf";562
"......Corpataux-Magnedens";447
"......Corserey";346
"......Cottens (FR)";497
"......Ependes (FR)";563
"......Farvagny";1003
"......Ferpicloz";103
"......Fribourg";932
"......Givisiez";345
"......Granges-Paccot";398
"......Grolley";532
"......Marly";768
"......Matran";289
"......Neyruz (FR)";554
"......Noréaz";687
"......Pierrafortscha";506
"......Ponthaux";596
"......Le Mouret";1847
"......Prez-vers-Noréaz";571
"......Rossens (FR)";505
"......Le Glèbe";1031
"......Senèdes";50
"......Treyvaux";1142
"......Villars-sur-Glâne";547
"......Villarsel-sur-Marly";143
"......Vuisternens-en-Ogoz";624
"......Hauterive (FR)";1192
"......La Brillaz";1026
"......La Sonnaz";690
">> See";14487
"......Barberêche";913
"......Courgevaux";341
"......Courlevon";327
"......Courtepin";408
"......Cressier (FR)";415
"......Fräschels";314
"......Galmiz";905
"......Gempenach";166
"......Greng";101
"......Gurmels";1721
"......Jeuss";177
"......Kerzers";1222
"......Kleinbösingen";301
"......Lurtigen";230
"......Meyriez";33
"......Misery-Courtion";1143
"......Muntelier";113
"......Murten";1362
"......Ried bei Kerzers";757
"......Salvenach";384
"......Ulmiz";286
"......Villarepos";472
"......Bas-Vully";995
"......Haut-Vully";757
"......Wallenried";388
"......Staatswald Galm";256
">> Sense";26535
"......Alterswil";1608
"......Brünisried";324
"......Düdingen";3082
"......Giffers";522
"......Bösingen";1432
"......Heitenried";905
"......Oberschrot";527
"......Plaffeien";5941
"......Plasselb";1811
"......Rechthalten";730
"......St. Antoni";1685
"......St. Silvester";710
"......St. Ursen";1572
"......Schmitten (FR)";1355
"......Tafers";837
"......Tentlingen";369
"......Ueberstorf";1613
"......Wünnewil-Flamatt";1321
"......Zumholz";191
">> Veveyse";13423
"......Attalens";981
"......Bossonnens";408
"......Châtel-Saint-Denis";4788
"......Granges (Veveyse)";446
"......Remaufens";589
"......Saint-Martin (FR)";976
"......Semsales";2939
"......Le Flon";954
"......La Verrerie";1342
">> Gäu";6201
"......Egerkingen";692
"......Härkingen";557
"......Kestenholz";860
"......Neuendorf";713
"......Niederbuchsiten";549
"......Oberbuchsiten";938
"......Oensingen";1204
"......Wolfwil";688
">> Thal";13934
"......Aedermannsdorf";1289
"......Balsthal";1569
"......Gänsbrunnen";1136
"......Herbetswil";1635
"......Holderbank (SO)";779
"......Laupersdorf";1552
"......Matzendorf";1129
"......Mümliswil-Ramiswil";3548
"......Welschenrohr";1297
">> Bucheggberg";6281
"......Aetigkofen";203
"......Aetingen";285
"......Bibern (SO)";300
"......Biezwil";418
"......Brügglen";170
"......Gossliwil";197
"......Hessigkofen";226
"......Küttigkofen";216
"......Kyburg-Buchegg";164
"......Lüterkofen-Ichertswil";438
"......Lüterswil-Gächliwil";308
"......Messen";1189
"......Mühledorf (SO)";332
"......Schnottwil";717
"......Tscheppach";184
"......Unterramsern";154
"......Lüsslingen-Nennigkofen";780
">> Dorneck";7464
"......Bättwil";169
"......Büren (SO)";622
"......Dornach";575
"......Gempen";597
"......Hochwald";828
"......Hofstetten-Flüh";752
"......Metzerlen-Mariastein";854
"......Nuglar-St. Pantaleon";633
"......Rodersdorf";530
"......Seewen";1639
"......Witterswil";265
">> Gösgen";6880
"......Hauenstein-Ifenthal";531
"......Kienberg";855
"......Lostorf";1331
"......Niedergösgen";433
"......Obergösgen";363
"......Rohr (SO)";225
"......Stüsslingen";615
"......Trimbach";765
"......Winznau";395
"......Wisen (SO)";480
"......Erlinsbach (SO)";887
">> Wasseramt";7663
"......Aeschi (SO)";544
"......Biberist";1224
"......Bolken";213
"......Deitingen";763
"......Derendingen";561
"......Etziken";338
"......Gerlafingen";191
"......Halten";185
"......Horriwil";260
"......Hüniken";101
"......Kriegstetten";113
"......Lohn-Ammannsegg";447
"......Luterbach";454
"......Obergerlafingen";152
"......Oekingen";245
"......Recherswil";333
"......Subingen";621
"......Zuchwil";467
"......Drei Höfe";451
">> Lebern";11728
"......Balm bei Günsberg";546
"......Bellach";526
"......Bettlach";1222
"......Feldbrunnen-St. Niklaus";249
"......Flumenthal";309
"......Grenchen";2605
"......Günsberg";528
"......Hubersdorf";136
"......Kammersrohr";94
"......Langendorf";195
"......Lommiswil";576
"......Oberdorf (SO)";1195
"......Riedholz";720
"......Rüttenen";880
"......Selzach";1947
">> Olten";8055
"......Boningen";281
"......Däniken";537
"......Dulliken";603
"......Eppenberg-Wöschnau";183
"......Fulenbach";448
"......Gretzenbach";581
"......Gunzgen";391
"......Hägendorf";1387
"......Kappel (SO)";510
"......Olten";1151
"......Rickenbach (SO)";280
"......Schönenwerd";374
"......Starrkirch-Wil";184
"......Walterswil (SO)";451
"......Wangen bei Olten";694
">> Solothurn";629
"......Solothurn";629
">> Thierstein";10216
"......Bärschwil";1118
"......Beinwil (SO)";2265
"......Breitenbach";683
"......Büsserach";755
"......Erschwil";745
"......Fehren";150
"......Grindel";300
"......Himmelried";600
"......Kleinlützel";1632
"......Meltingen";576
"......Nunningen";1029
"......Zullwil";363
">> Basel-Stadt";3707
"......Basel";2395
"......Bettingen";218
"......Riehen";1094
">> Arlesheim";9621
"......Aesch (BL)";740
"......Allschwil";892
"......Arlesheim";697
"......Biel-Benken";409
"......Binningen";445
"......Birsfelden";254
"......Bottmingen";296
"......Ettingen";638
"......Münchenstein";718
"......Muttenz";1663
"......Oberwil (BL)";788
"......Pfeffingen";485
"......Reinach (BL)";697
"......Schönenbuch";133
"......Therwil";766
">> Laufen";8952
"......Blauen";711
"......Brislach";937
"......Burg im Leimental";282
"......Dittingen";674
"......Duggingen";590
"......Grellingen";333
"......Laufen";1134
"......Liesberg";1251
"......Nenzlingen";365
"......Roggenburg";665
"......Röschenz";1006
"......Wahlen";543
"......Zwingen";461
">> Liestal";8585
"......Arisdorf";999
"......Augst";162
"......Bubendorf";1084
"......Frenkendorf";460
"......Füllinsdorf";463
"......Giebenach";134
"......Hersberg";169
"......Lausen";556
"......Liestal";1815
"......Lupsingen";315
"......Pratteln";1070
"......Ramlinsburg";225
"......Seltisberg";352
"......Ziefen";781
">> Sissach";14098
"......Anwil";399
"......Böckten";229
"......Buckten";200
"......Buus";887
"......Diepflingen";142
"......Gelterkinden";982
"......Häfelfingen";394
"......Hemmiken";343
"......Itingen";314
"......Känerkinden";144
"......Kilchberg (BL)";160
"......Läufelfingen";815
"......Maisprach";502
"......Nusshof";174
"......Oltingen";717
"......Ormalingen";694
"......Rickenbach (BL)";289
"......Rothenfluh";1088
"......Rümlingen";227
"......Rünenberg";498
"......Sissach";888
"......Tecknau";238
"......Tenniken";468
"......Thürnen";227
"......Wenslingen";585
"......Wintersingen";692
"......Wittinsburg";320
"......Zeglingen";793
"......Zunzgen";689
">> Waldenburg";10496
"......Arboldswil";344
"......Bennwil";652
"......Bretzwil";736
"......Diegten";965
"......Eptingen";1124
"......Hölstein";596
"......Lampenberg";403
"......Langenbruck";1572
"......Lauwil";727
"......Liedertswil";195
"......Niederdorf";442
"......Oberdorf (BL)";622
"......Reigoldswil";920
"......Titterten";370
"......Waldenburg";828
">> Oberklettgau";3204
"......Gächlingen";726
"......Löhningen";690
"......Neunkirch";1788
">> Reiat";3936
"......Büttenhardt";402
"......Dörflingen";577
"......Lohn (SH)";488
"......Stetten (SH)";472
"......Thayngen";1997
">> Schaffhausen";10578
"......Bargen (SH)";830
"......Beringen";1862
"......Buchberg";586
"......Merishausen";1751
"......Neuhausen am Rheinfall";806
"......Rüdlingen";552
"......Schaffhausen";4191
">> Schleitheim";4347
"......Beggingen";1264
"......Schleitheim";2152
"......Siblingen";931
">> Stein";3098
"......Buch (SH)";383
"......Hemishofen";794
"......Ramsen";1345
"......Stein am Rhein";576
">> Unterklettgau";4661
"......Hallau";1534
"......Oberhallau";601
"......Trasadingen";410
"......Wilchingen";2116
">> Hinterland";13619
"......Herisau";2516
"......Hundwil";2407
"......Schönengrund";521
"......Schwellbrunn";1739
"......Stein (AR)";940
"......Urnäsch";4825
"......Waldstatt";671
">> Mittelland";6030
"......Bühler";558
"......Gais";2119
"......Speicher";821
"......Teufen (AR)";1532
"......Trogen";1000
">> Vorderland";4645
"......Grub (AR)";423
"......Heiden";752
"......Lutzenberg";227
"......Rehetobel";671
"......Reute (AR)";493
"......Wald (AR)";683
"......Walzenhausen";700
"......Wolfhalden";696
">> Appenzell Innerrhoden";17250
"......Appenzell";1686
"......Gonten";2472
"......Rüte";4088
"......Schlatt-Haslen";1791
"......Schwende";5746
"......Oberegg";1467
">> St. Gallen";15766
"......Häggenschwil";915
"......Muolen";1034
"......St. Gallen";3932
"......Wittenbach";1230
"......Eggersriet";889
"......Andwil (SG)";625
"......Gaiserwald";1268
"......Gossau (SG)";2746
"......Waldkirch";3127
">> Rorschach";5045
"......Berg (SG)";378
"......Goldach";474
"......Mörschwil";987
"......Rorschach";177
"......Rorschacherberg";714
"......Steinach";451
"......Tübach";195
"......Untereggen";707
"......Thal";962
">> Rheintal";13892
"......Au (SG)";471
"......Balgach";654
"......Berneck";558
"......Diepoldsau";1118
"......Rheineck";221
"......St. Margrethen";686
"......Widnau";421
"......Altstätten";3954
"......Eichberg";547
"......Marbach (SG)";444
"......Oberriet (SG)";3452
"......Rebstein";432
"......Rüthi (SG)";934
">> Werdenberg";20650
"......Buchs (SG)";1595
"......Gams";2231
"......Grabs";5468
"......Sennwald";4149
"......Sevelen";3032
"......Wartau";4175
">> Sarganserland";51771
"......Bad Ragaz";2544
"......Flums";7514
"......Mels";13915
"......Pfäfers";12841
"......Quarten";6173
"......Sargans";947
"......Vilters-Wangs";3271
"......Walenstadt";4566
">> See-Gaster";24571
"......Amden";4301
"......Benken (SG)";1641
"......Kaltbrunn";1863
"......Schänis";3988
"......Weesen";540
"......Schmerikon";404
"......Uznach";760
"......Rapperswil-Jona";2222
"......Gommiswald";3359
"......Eschenbach (SG)";5493
">> Toggenburg";48853
"......Ebnat-Kappel";4357
"......Wildhaus-Alt St. Johann";8744
"......Nesslau";9267
"......Hemberg";2021
"......Lichtensteig";280
"......Oberhelfenschwil";1274
"......Neckertal";4900
"......Wattwil";5122
"......Kirchberg (SG)";4255
"......Lütisburg";1396
"......Mosnang";5057
"......Bütschwil-Ganterschwil";2180
">> Wil";14524
"......Degersheim";1444
"......Flawil";1149
"......Jonschwil";1105
"......Oberuzwil";1413
"......Uzwil";1446
"......Niederbüren";1582
"......Niederhelfenschwil";1629
"......Oberbüren";1776
"......Zuzwil (SG)";896
"......Wil (SG)";2084
">> Albula";69352
"......Alvaschein";406
"......Mon";851
"......Mutten";991
"......Stierva";1054
"......Tiefencastel";1485
"......Vaz/Obervaz";4251
"......Alvaneu";3568
"......Brienz/Brinzauls";1338
"......Lantsch/Lenz";2182
"......Schmitten (GR)";1132
"......Surava";696
"......Bergün/Bravuogn";14564
"......Filisur";4458
"......Bivio";7670
"......Cunter";711
"......Marmorera";1899
"......Mulegns";3380
"......Riom-Parsonz";5604
"......Salouf";3141
"......Savognin";2223
"......Sur";2318
"......Tinizong-Rona";5430
">> Bernina";23720
"......Brusio";4625
"......Poschiavo";19095
">> Hinterrhein";61767
"......Almens";836
"......Fürstenau";130
"......Paspels";457
"......Pratval";80
"......Rodels";168
"......Rothenbrunnen";310
"......Scharans";1428
"......Sils im Domleschg";932
"......Cazis";3120
"......Flerden";606
"......Masein";419
"......Thusis";684
"......Tschappina";2467
"......Urmein";435
"......Tomils";3053
"......Avers";9308
"......Hinterrhein";4838
"......Nufenen";2807
"......Splügen";6053
"......Sufers";3456
"......Andeer";4636
"......Casti-Wergenstein";2559
"......Donat";466
"......Lohn (GR)";814
"......Mathon";1513
"......Rongellen";204
"......Zillis-Reischen";2446
"......Ferrera";7542
">> Imboden";20376
"......Bonaduz";1445
"......Domat/Ems";2424
"......Rhäzüns";1328
"......Felsberg";1339
"......Flims";5045
"......Tamins";4071
"......Trin";4724
">> Inn";119678
"......Ardez";6144
"......Guarda";3145
"......Lavin";4618
"......Susch";9395
"......Tarasp";4690
"......Zernez";20391
"......Samnaun";5618
"......Ftan";4312
"......Scuol";14414
"......Sent";11172
"......Valsot";15916
"......Val Müstair";19863
">> Landquart";19319
"......Haldenstein";1855
"......Trimmis";4289
"......Untervaz";2767
"......Zizers";1096
"......Fläsch";1995
"......Jenins";1050
"......Maienfeld";3237
"......Malans";1138
"......Landquart";1892
">> Maloja";97341
"......Bever";4565
"......Celerina/Schlarigna";2403
"......Madulain";1635
"......Pontresina";11824
"......La Punt-Chamues-ch";6322
"......Samedan";11396
"......St. Moritz";2870
"......S-chanf";13801
"......Sils im Engadin/Segl";6354
"......Silvaplana";4471
"......Zuoz";6563
"......Bregaglia";25137
">> Moesa";49610
"......Arvigo";1702
"......Braggio";688
"......Buseno";1124
"......Castaneda";394
"......Cauco";1090
"......Rossa";5893
"......Santa Maria in Calanca";932
"......Selma";288
"......Lostallo";5091
"......Mesocco";16476
"......Soazza";4637
"......Cama";1506
"......Grono";1483
"......Leggia";915
"......Roveredo (GR)";3878
"......San Vittore";2202
"......Verdabbio";1311
">> Plessur";26673
"......Chur";2801
"......Churwalden";4858
"......Arosa";15473
"......Maladers";761
"......Tschiertschen-Praden";2780
">> Prättigau-Davos";85340
"......Davos";28397
"......Fideris";2532
"......Furna";3325
"......Jenaz";2595
"......Klosters-Serneus";19316
"......Conters im Prättigau";1839
"......Küblis";813
"......Saas";2675
"......Luzein";3163
"......St. Antönien";5222
"......Grüsch";4328
"......Schiers";6175
"......Seewis im Prättigau";4960
">> Surselva";137339
"......Castrisch";718
"......Falera";2235
"......Ilanz";470
"......Laax";3168
"......Ladir";721
"......Luven";664
"......Pitasch";1081
"......Riein";1582
"......Ruschein";1254
"......Sagogn";695
"......Schluein";481
"......Schnaus";298
"......Sevgein";460
"......Duvin";1791
"......St. Martin";2293
"......Vals";15258
"......Andiast";1363
"......Obersaxen";6153
"......Pigniu";1798
"......Rueun";1158
"......Siat";1348
"......Waltensburg/Vuorz";3232
"......Mundaun";859
"......Lumnezia";16543
"......Safiental";15142
"......Breil/Brigels";5083
"......Disentis/Mustér";9107
"......Medel (Lucmagn)";13620
"......Sumvitg";10184
"......Tujetsch";13392
"......Trun";5188
">> Aarau";10465
"......Aarau";1233
"......Biberstein";414
"......Buchs (AG)";533
"......Densbüren";1259
"......Erlinsbach (AG)";985
"......Gränichen";1727
"......Hirschthal";353
"......Küttigen";1189
"......Muhen";704
"......Oberentfelden";721
"......Suhr";1061
"......Unterentfelden";286
">> Baden";15330
"......Baden";1318
"......Bellikon";494
"......Bergdietikon";602
"......Birmenstorf (AG)";775
"......Ennetbaden";213
"......Fislisbach";513
"......Freienwil";402
"......Gebenstorf";570
"......Killwangen";240
"......Künten";488
"......Mägenwil";349
"......Mellingen";481
"......Neuenhof";541
"......Niederrohrdorf";335
"......Oberrohrdorf";431
"......Obersiggenthal";837
"......Remetschwil";387
"......Spreitenbach";863
"......Stetten (AG)";444
"......Turgi";150
"......Untersiggenthal";825
"......Wettingen";1063
"......Wohlenschwil";443
"......Würenlingen";939
"......Würenlos";900
"......Ehrendingen";727
">> Bremgarten";11752
"......Arni (AG)";345
"......Berikon";538
"......Bremgarten (AG)";797
"......Büttikon";282
"......Dottikon";388
"......Eggenwil";253
"......Fischbach-Göslikon";310
"......Hägglingen";775
"......Hermetschwil-Staffeln";334
"......Jonen";570
"......Niederwil (AG)";608
"......Oberlunkhofen";328
"......Oberwil-Lieli";537
"......Rudolfstetten-Friedlisberg";490
"......Sarmenstorf";828
"......Tägerig";328
"......Uezwil";245
"......Unterlunkhofen";449
"......Villmergen";1199
"......Widen";259
"......Wohlen (AG)";1244
"......Zufikon";480
"......Islisberg";165
">> Brugg";14501
"......Auenstein";572
"......Birr";504
"......Birrhard";301
"......Bözen";392
"......Brugg";634
"......Effingen";687
"......Elfingen";421
"......Habsburg";223
"......Hausen (AG)";318
"......Lupfig";514
"......Mandach";557
"......Mönthal";393
"......Mülligen";315
"......Oberflachs";341
"......Remigen";791
"......Riniken";475
"......Rüfenach";418
"......Scherz";333
"......Schinznach-Bad";189
"......Schinznach-Dorf";883
"......Thalheim (AG)";984
"......Veltheim (AG)";520
"......Villigen";1120
"......Villnachern";568
"......Windisch";492
"......Bözberg";1556
">> Kulm";9728
"......Beinwil am See";385
"......Birrwil";344
"......Burg (AG)";92
"......Dürrenäsch";590
"......Gontenschwil";977
"......Holziken";287
"......Leimbach (AG)";112
"......Leutwil";376
"......Menziken";642
"......Oberkulm";941
"......Reinach (AG)";953
"......Schlossrued";726
"......Schmiedrued";859
"......Schöftland";620
"......Teufenthal (AG)";355
"......Unterkulm";892
"......Zetzwil";577
">> Laufenburg";15684
"......Eiken";701
"......Frick";998
"......Gansingen";876
"......Gipf-Oberfrick";1020
"......Herznach";625
"......Hornussen";732
"......Kaisten";1809
"......Laufenburg";1446
"......Münchwilen (AG)";248
"......Oberhof";816
"......Oeschgen";441
"......Schwaderloch";279
"......Sisseln";259
"......Ueken";509
"......Wittnau";1125
"......Wölflinswil";949
"......Zeihen";691
"......Mettauertal";2160
">> Lenzburg";9796
"......Ammerswil";320
"......Boniswil";235
"......Brunegg";151
"......Dintikon";372
"......Egliswil";633
"......Fahrwangen";396
"......Hallwil";223
"......Hendschiken";351
"......Holderbank (AG)";232
"......Hunzenschwil";326
"......Lenzburg";1135
"......Meisterschwanden";430
"......Möriken-Wildegg";660
"......Niederlenz";328
"......Othmarsingen";472
"......Rupperswil";615
"......Schafisheim";636
"......Seengen";962
"......Seon";968
"......Staufen";351
">> Muri";13886
"......Abtwil";415
"......Aristau";871
"......Auw";855
"......Beinwil (Freiamt)";1132
"......Besenbüren";235
"......Bettwil";426
"......Boswil";1175
"......Bünzen";577
"......Buttwil";451
"......Dietwil";552
"......Geltwil";331
"......Kallern";269
"......Merenschwand";1355
"......Mühlau";551
"......Muri (AG)";1230
"......Oberrüti";533
"......Rottenschwil";446
"......Sins";2024
"......Waltenschwil";458
">> Rheinfelden";11174
"......Hellikon";705
"......Kaiseraugst";492
"......Magden";1103
"......Möhlin";1885
"......Mumpf";312
"......Obermumpf";504
"......Olsberg";461
"......Rheinfelden";1603
"......Schupfart";701
"......Stein (AG)";281
"......Wallbach";448
"......Wegenstetten";710
"......Zeiningen";1137
"......Zuzgen";832
">> Zofingen";14200
"......Aarburg";442
"......Attelwil";220
"......Bottenwil";510
"......Brittnau";1368
"......Kirchleerau";436
"......Kölliken";884
"......Moosleerau";385
"......Murgenthal";1862
"......Oftringen";1287
"......Reitnau";579
"......Rothrist";1177
"......Safenwil";603
"......Staffelbach";895
"......Strengelbach";602
"......Uerkheim";708
"......Vordemwald";1015
"......Wiliberg";120
"......Zofingen";1107
">> Zurzach";12997
"......Baldingen";281
"......Böbikon";261
"......Böttstein";745
"......Döttingen";695
"......Endingen";844
"......Fisibach";577
"......Full-Reuenthal";486
"......Kaiserstuhl";31
"......Klingnau";672
"......Koblenz";406
"......Leibstadt";637
"......Lengnau (AG)";1264
"......Leuggern";1373
"......Mellikon";269
"......Rekingen (AG)";312
"......Rietheim";393
"......Rümikon";293
"......Schneisingen";828
"......Siglistorf";553
"......Tegerfelden";706
"......Unterendingen";345
"......Wislikofen";373
"......Bad Zurzach";653
">> Arbon";8877
"......Arbon";593
"......Dozwil";131
"......Egnach";1846
"......Hefenhofen";614
"......Horn";174
"......Kesswil";442
"......Roggwil (TG)";1191
"......Romanshorn";870
"......Salmsach";263
"......Sommeri";415
"......Uttwil";437
"......Amriswil";1901
">> Frauenfeld";27948
"......Basadingen-Schlattingen";1567
"......Diessenhofen";1004
"......Schlatt (TG)";1547
"......Felben-Wellhausen";734
"......Frauenfeld";2736
"......Gachnang";981
"......Hüttlingen";1159
"......Matzingen";771
"......Neunforn";1136
"......Stettfurt";631
"......Thundorf";1564
"......Uesslingen-Buch";1400
"......Warth-Weiningen";824
"......Berlingen";355
"......Eschenz";1201
"......Herdern";1367
"......Homburg";2411
"......Hüttwilen";1768
"......Mammern";543
"......Müllheim";876
"......Pfyn";1314
"......Steckborn";877
"......Wagenhausen";1182
">> Kreuzlingen";12895
"......Altnau";670
"......Bottighofen";240
"......Ermatingen";1042
"......Gottlieben";36
"......Güttingen";950
"......Kemmental";2505
"......Kreuzlingen";1148
"......Langrickenbach";1087
"......Lengwil";884
"......Münsterlingen";540
"......Tägerwilen";1154
"......Wäldi";1222
"......Raperswilen";767
"......Salenstein";650
">> Münchwilen";13817
"......Aadorf";1990
"......Bettwiesen";385
"......Bichelsee-Balterswil";1215
"......Braunau";919
"......Eschlikon";615
"......Fischingen";3070
"......Lommis";863
"......Münchwilen (TG)";779
"......Rickenbach (TG)";156
"......Sirnach";1244
"......Tobel-Tägerschen";709
"......Wängi";1645
"......Wilen (TG)";227
">> Weinfelden";22725
"......Bischofszell";1168
"......Erlen";1223
"......Hauptwil-Gottshaus";1249
"......Hohentannen";799
"......Kradolf-Schönenberg";1094
"......Sulgen";910
"......Zihlschlacht-Sitterdorf";1219
"......Affeltrangen";1436
"......Schönholzerswilen";1093
"......Wuppenau";1213
"......Amlikon-Bissegg";1445
"......Berg (TG)";1313
"......Birwinken";1230
"......Bürglen (TG)";1167
"......Bussnang";1898
"......Märstetten";994
"......Weinfelden";1554
"......Wigoltingen";1720
">> Bellinzona";20568
"......Arbedo-Castione";2130
"......Bellinzona";1909
"......Cadenazzo";844
"......Camorino";827
"......Giubiasco";623
"......Gnosca";745
"......Gorduno";922
"......Gudo";989
"......Isone";1289
"......Lumino";1003
"......Moleno";741
"......Monte Carasso";965
"......Pianezzo";803
"......Preonzo";1645
"......Sant'Antonino";655
"......Sant'Antonio";3356
"......Sementina";835
"......C'za Cadenazzo/Monteceneri";287
">> Blenio";36074
"......Acquarossa";6163
"......Blenio";20221
"......Serravalle";9690
">> Leventina";47958
"......Airolo";9450
"......Bedretto";7519
"......Bodio";635
"......Dalpe";1450
"......Faido";12614
"......Giornico";1948
"......Personico";3905
"......Pollegio";592
"......Prato (Leventina)";1685
"......Quinto";7521
"......Sobrio";639
">> Locarno";55095
"......Ascona";498
"......Brione (Verzasca)";4850
"......Brione sopra Minusio";380
"......Brissago";1779
"......Cavigliano";546
"......Corippo";772
"......Frasco";2575
"......Gordola";701
"......Gresso";1111
"......Lavertezzo";5810
"......Locarno";1937
"......Losone";950
"......Mergoscia";1215
"......Minusio";587
"......Mosogno";862
"......Muralto";62
"......Orselina";196
"......Ronco sopra Ascona";500
"......Sonogno";3757
"......Tegna";288
"......Tenero-Contra";369
"......Vergeletto";4068
"......Verscio";305
"......Vogorno";2390
"......Onsernone";2988
"......Isorno";1706
"......Cugnasco-Gerra";3577
"......Centovalli";5142
"......Gambarogno";5174
">> Lugano";30801
"......Agno";249
"......Aranno";272
"......Arogno";855
"......Astano";383
"......Bedano";192
"......Bedigliora";247
"......Bioggio";649
"......Bissone";183
"......Bogno";422
"......Brusino Arsizio";408
"......Cademario";391
"......Cadempino";76
"......Cadro";445
"......Canobbio";130
"......Carona";477
"......Caslano";281
"......Certara";273
"......Cimadera";524
"......Comano";203
"......Croglio";437
"......Cureglia";108
"......Curio";285
"......Grancia";63
"......Gravesano";64
"......Lamone";184
"......Lugano";3212
"......Magliaso";110
"......Manno";240
"......Maroggia";97
"......Massagno";74
"......Melano";471
"......Melide";164
"......Mezzovico-Vira";1024
"......Miglieglia";511
"......Monteggio";336
"......Morcote";281
"......Muzzano";156
"......Neggio";88
"......Novaggio";435
"......Origlio";211
"......Paradiso";87
"......Ponte Capriasca";623
"......Ponte Tresa";41
"......Porza";159
"......Pura";309
"......Rovio";553
"......Savosa";74
"......Sessa";284
"......Sonvico";1109
"......Sorengo";87
"......Capriasca";3626
"......Torricella-Taverne";523
"......Valcolla";1131
"......Vernate";151
"......Vezia";138
"......Vico Morcote";188
"......Collina d'Oro";612
"......Alto Malcantone";2193
"......Monteceneri";3695
"......C'za Capriasca/Valcolla";7
">> Mendrisio";10086
"......Balerna";259
"......Besazio";87
"......Castel San Pietro";1180
"......Chiasso";530
"......Coldrerio";248
"......Ligornetto";203
"......Mendrisio";2157
"......Meride";747
"......Morbio Inferiore";231
"......Novazzano";517
"......Riva San Vitale";593
"......Stabio";617
"......Vacallo";162
"......Breggia";2555
">> Riviera";16649
"......Biasca";5912
"......Claro";2120
"......Cresciano";1723
"......Iragna";1834
"......Lodrino";3163
"......Osogna";1897
">> Vallemaggia";56940
"......Bosco/Gurin";2208
"......Campo (Vallemaggia)";4334
"......Cerentino";2011
"......Cevio";15132
"......Linescio";659
"......Maggia";11111
"......Lavizzara";18751
"......Avegno Gordevio";2734
">> Aigle";43501
"......Aigle";1647
"......Bex";9660
"......Chessel";355
"......Corbeyrier";2200
"......Gryon";1524
"......Lavey-Morcles";1414
"......Leysin";1853
"......Noville";1033
"......Ollon";5950
"......Ormont-Dessous";6402
"......Ormont-Dessus";6167
"......Rennaz";221
"......Roche (VD)";641
"......Villeneuve (VD)";3213
"......Yvorne";1221
">> Broye-Vully";26494
"......Avenches";1943
"......Cudrefin";1586
"......Faoug";347
"......Vully-les-Lacs";2114
"......Brenles";381
"......Bussy-sur-Moudon";309
"......Chavannes-sur-Moudon";515
"......Chesalles-sur-Moudon";166
"......Cremin";165
"......Curtilles";498
"......Dompierre (VD)";322
"......Forel-sur-Lucens";285
"......Hermenches";477
"......Lovatens";346
"......Lucens";783
"......Moudon";1571
"......Prévonloup";182
"......Rossenges";107
"......Sarzens";145
"......Syens";251
"......Villars-le-Comte";419
"......Vucherens";327
"......Carrouge (VD)";541
"......Corcelles-le-Jorat";795
"......Ropraz";479
"......Vulliens";670
"......Champtauroz";303
"......Chevroux";435
"......Corcelles-près-Payerne";1214
"......Grandcour";1023
"......Henniez";260
"......Missy";305
"......Payerne";2423
"......Trey";379
"......Treytorrens (Payerne)";310
"......Villarzel";768
"......Valbroye";3350
">> Gros-de-Vaud";23226
"......Bettens";375
"......Bournens";388
"......Boussens";318
"......Daillens";549
"......Lussery-Villars";373
"......Mex (VD)";288
"......Penthalaz";385
"......Penthaz";386
"......Sullens";394
"......Vufflens-la-Ville";538
"......Assens";531
"......Bercher";424
"......Bioley-Orjulaz";310
"......Bottens";694
"......Bretigny-sur-Morrens";285
"......Cugy (VD)";290
"......Echallens";667
"......Essertines-sur-Yverdon";972
"......Etagnières";377
"......Fey";740
"......Froideville";707
"......Morrens (VD)";370
"......Oulens-sous-Echallens";587
"......Pailly";575
"......Penthéréaz";569
"......Poliez-Pittet";501
"......Rueyres";198
"......Saint-Barthélemy (VD)";414
"......Villars-le-Terroir";712
"......Vuarrens";898
"......Montilliez";1181
"......Goumoëns";1069
"......Boulens";342
"......Ogens";339
"......Montanaire";3352
"......Jorat-Menthue";1765
"......Oppens";363
">> Jura-Nord vaudois";70127
"......Bonvillars";748
"......Bullet";1686
"......Champagne";393
"......Concise";1137
"......Corcelles-près-Concise";409
"......Fiez";683
"......Fontaines-sur-Grandson";792
"......Giez";476
"......Grandevent";345
"......Grandson";790
"......Mauborget";553
"......Mutrux";322
"......Novalles";206
"......Onnens (VD)";513
"......Provence";3186
"......Sainte-Croix";3931
"......Tévenon";1424
"......L'Abergement";582
"......Agiez";547
"......Arnex-sur-Orbe";763
"......Ballaigues";905
"......Baulmes";2255
"......Bavois";930
"......Bofflens";421
"......Bretonnières";548
"......Chavornay";1107
"......Les Clées";707
"......Corcelles-sur-Chavornay";546
"......Croy";448
"......Juriens";933
"......Lignerolle";1064
"......Montcherand";302
"......Orbe";1200
"......La Praz";512
"......Premier";604
"......Rances";984
"......Romainmôtier-Envy";697
"......Sergey";147
"......Valeyres-sous-Rances";639
"......Vallorbe";2319
"......Vaulion";1322
"......Vuiteboeuf";510
"......L'Abbaye";3191
"......Le Chenit";9924
"......Le Lieu";3252
"......Belmont-sur-Yverdon";651
"......Bioley-Magnoux";429
"......Chamblon";287
"......Champvent";901
"......Chavannes-le-Chêne";400
"......Chêne-Pâquier";208
"......Cheseaux-Noréaz";607
"......Cronay";659
"......Cuarny";460
"......Démoret";428
"......Donneloye";895
"......Ependes (VD)";483
"......Essert-Pittet";276
"......Mathod";661
"......Molondin";551
"......Montagny-près-Yverdon";350
"......Orges";402
"......Orzens";420
"......Pomy";559
"......Rovray";319
"......Suchy";668
"......Suscévaz";414
"......Treycovagnes";205
"......Ursins";340
"......Valeyres-sous-Montagny";229
"......Valeyres-sous-Ursins";284
"......Villars-Epeney";87
"......Vugelles-La Mothe";310
"......Yverdon-les-Bains";1355
"......Yvonand";1336
">> Lausanne";6511
"......Cheseaux-sur-Lausanne";457
"......Epalinges";462
"......Jouxtens-Mézery";192
"......Lausanne";4133
"......Le Mont-sur-Lausanne";975
"......Romanel-sur-Lausanne";292
">> Lavaux-Oron";13460
"......Belmont-sur-Lausanne";260
"......Paudex";50
"......Pully";591
"......Chexbres";216
"......Forel (Lavaux)";1849
"......Lutry";845
"......Puidoux";2288
"......Rivaz";30
"......Saint-Saphorin (Lavaux)";87
"......Savigny";1606
"......Bourg-en-Lavaux";965
"......Essertes";166
"......Ferlens (VD)";216
"......Maracon";441
"......Mézières (VD)";350
"......Montpreveyres";411
"......Servion";629
"......Oron";2460
">> Morges";37300
"......Apples";1297
"......Aubonne";941
"......Ballens";848
"......Berolle";959
"......Bière";2497
"......Bougy-Villars";178
"......Féchy";271
"......Gimel";1894
"......Mollens (VD)";1105
"......Montherod";495
"......Saint-Livres";810
"......Saint-Oyens";304
"......Saubraz";370
"......La Chaux (Cossonay)";679
"......Chavannes-le-Veyron";266
"......Chevilly";378
"......Cossonay";824
"......Cottens (VD)";240
"......Cuarnens";709
"......Dizy";310
"......Eclépens";582
"......Ferreyres";319
"......Gollion";546
"......Grancy";566
"......L'Isle";1626
"......Mauraz";47
"......Moiry";667
"......Mont-la-Ville";1976
"......Montricher";2595
"......Orny";551
"......Pampigny";1109
"......Pompaples";444
"......La Sarraz";774
"......Senarclens";393
"......Sévery";240
"......Aclens";390
"......Bremblens";295
"......Buchillon";215
"......Bussy-Chardonney";305
"......Chigny";87
"......Clarmont";101
"......Denens";329
"......Denges";168
"......Echandens";389
"......Echichens";1328
"......Etoy";494
"......Lavigny";397
"......Lonay";369
"......Lully (VD)";202
"......Lussy-sur-Morges";236
"......Morges";386
"......Préverenges";184
"......Reverolle";114
"......Romanel-sur-Morges";169
"......Saint-Prex";550
"......Tolochenaz";159
"......Vaux-sur-Morges";207
"......Villars-sous-Yens";303
"......Vufflens-le-Château";217
"......Vullierens";685
"......Yens";956
"......Allaman";255
">> Nyon";30747
"......Longirod";946
"......Marchissy";1194
"......Saint-George";1233
"......Arnex-sur-Nyon";210
"......Arzier";5185
"......Bassins";2087
"......Begnins";479
"......Bogis-Bossey";245
"......Borex";195
"......Chavannes-de-Bogis";287
"......Chavannes-des-Bois";217
"......Chéserex";1056
"......Coinsins";294
"......Commugny";649
"......Coppet";187
"......Crans-près-Céligny";427
"......Crassier";204
"......Duillier";407
"......Eysins";234
"......Founex";477
"......Genolier";487
"......Gingins";1258
"......Givrins";395
"......Gland";837
"......Grens";257
"......Mies";349
"......Nyon";686
"......Prangins";603
"......La Rippe";1660
"......Saint-Cergue";2427
"......Signy-Avenex";192
"......Tannay";181
"......Trélex";585
"......Le Vaud";312
"......Vich";156
"......Bursinel";180
"......Bursins";341
"......Burtigny";566
"......Dully";161
"......Essertines-sur-Rolle";700
"......Gilly";773
"......Luins";267
"......Mont-sur-Rolle";387
"......Perroy";286
"......Rolle";272
"......Tartegnin";108
"......Vinzel";108
">> Ouest lausannois";2626
"......Crissier";552
"......Prilly";218
"......Renens (VD)";295
"......Bussigny-près-Lausanne";478
"......Chavannes-près-Renens";166
"......Ecublens (VD)";569
"......Saint-Sulpice (VD)";182
"......Villars-Sainte-Croix";166
"-Riviera-Pays-d'Enhaut";28282
"......Château-d'Oex";11361
"......Rossinière";2336
"......Rougemont";4855
"......Blonay";1604
"......Chardonne";1029
"......Corseaux";106
"......Corsier-sur-Vevey";674
"......Jongny";216
"......Montreux";3344
"......Saint-Légier-La Chiésaz";1524
"......La Tour-de-Peilz";326
"......Vevey";235
"......Veytaux";672
">> Brig";43452
"......Brig-Glis";3800
"......Eggerberg";599
"......Naters";14718
"......Ried-Brig";4752
"......Simplon";9091
"......Termen";1878
"......Zwischbergen";8614
">> Conthey";23418
"......Ardon";2037
"......Chamoson";3240
"......Conthey";8509
"......Nendaz";8593
"......Vétroz";1039
">> Entremont";63314
"......Bagnes";28221
"......Bourg-Saint-Pierre";9015
"......Liddes";6015
"......Orsières";16504
"......Sembrancher";1766
"......Vollèges";1793
">> Goms";58880
"......Bellwald";1372
"......Binn";6504
"......Blitzingen";1181
"......Ernen";3537
"......Fiesch";1127
"......Fieschertal";17296
"......Lax";499
"......Niederwald";468
"......Grafschaft";2260
"......Münster-Geschinen";4861
"......Reckingen-Gluringen";4126
"......Obergoms";15584
"......Kommunanz Reckingen-Gluringen/Grafschaft";65
">> Hérens";47059
"......Les Agettes";507
"......Ayent";5504
"......Evolène";20999
"......Hérémence";10757
"......Saint-Martin (VS)";3696
"......Vex";1299
"......Mont-Noble";4297
">> Leuk";33592
"......Agarn";765
"......Albinen";1553
"......Ergisch";3007
"......Inden";989
"......Leuk";5529
"......Leukerbad";6721
"......Oberems";5024
"......Salgesch";1136
"......Varen";1276
"......Guttet-Feschel";1050
"......Gampel-Bratsch";2311
"......Turtmann-Unterems";4231
">> Martigny";26350
"......Bovernier";1291
"......Charrat";760
"......Fully";3784
"......Isérables";1528
"......Leytron";2692
"......Martigny";2490
"......Martigny-Combe";3769
"......Riddes";2391
"......Saillon";1368
"......Saxon";2323
"......Trient";3954
">> Monthey";25666
"......Champéry";3895
"......Collombey-Muraz";2981
"......Monthey";2858
"......Port-Valais";1432
"......Saint-Gingolph";1437
"......Troistorrents";3695
"......Val-d'Illiez";3925
"......Vionnaz";2095
"......Vouvry";3348
">> Raron";39808
"......Betten";2635
"......Bister";583
"......Bitsch";407
"......Grengiols";5850
"......Martisberg";301
"......Riederalp";2100
"......Ausserberg";1489
"......Blatten";9066
"......Bürchen";1340
"......Eischoll";1375
"......Ferden";2790
"......Kippel";1167
"......Niedergesteln";1746
"......Raron";3026
"......Unterbäch";2201
"......Wiler (Lötschen)";1469
"......Mörel-Filet";842
"......Steg-Hohtenn";1421
">> Saint-Maurice";19053
"......Collonges";1224
"......Dorénaz";1254
"......Evionnaz";4800
"......Finhaut";2279
"......Massongex";659
"......Saint-Maurice";1495
"......Salvan";5345
"......Vernayaz";565
"......Vérossaz";1432
">> Sierre";41868
"......Chalais";2445
"......Chermignon";536
"......Chippis";200
"......Grône";2110
"......Icogne";2498
"......Lens";1385
"......Miège";254
"......Mollens (VS)";3251
"......Montana";492
"......Randogne";1683
"......Saint-Léonard";386
"......Sierre";1922
"......Venthône";254
"......Veyras";145
"......Anniviers";24307
">> Sion";12554
"......Arbaz";1928
"......Grimisuat";445
"......Savièse";7101
"......Sion";2969
"......Veysonnaz";111
">> Visp";86371
"......Baltschieder";3139
"......Eisten";3797
"......Embd";1337
"......Grächen";1429
"......Lalden";126
"......Randa";5443
"......Saas-Almagell";11028
"......Saas-Balen";3021
"......Saas-Fee";4057
"......Saas-Grund";2458
"......St. Niklaus";8928
"......Stalden (VS)";1048
"......Staldenried";1430
"......Täsch";5871
"......Törbel";1763
"......Visp";1321
"......Visperterminen";5157
"......Zeneggen";751
"......Zermatt";24267
">> Boudry";10562
"......Bevaix";1081
"......Boudry";1674
"......Brot-Dessous";496
"......Corcelles-Cormondrèche";486
"......Cortaillod";366
"......Fresens";159
"......Gorgier";1398
"......Montalchez";641
"......Peseux";345
"......Rochefort";2088
"......Saint-Aubin-Sauges";769
"......Vaumarcus";178
"......Milvignes";881
">> Chaux-de-Fonds";9299
"......La Chaux-de-Fonds";5567
"......Les Planchettes";1172
"......La Sagne";2560
">> Locle";14384
"......Les Brenets";1156
"......La Brévine";4196
"......Brot-Plamboz";1606
"......Le Cerneux-Péquignot";1565
"......La Chaux-du-Milieu";1730
"......Le Locle";2306
"......Les Ponts-de-Martel";1825
">> Neuchâtel";8017
"......Cornaux";472
"......Cressier (NE)";860
"......Enges";954
"......Hauterive (NE)";216
"......Le Landeron";1026
"......Lignières";1252
"......Neuchâtel";1805
"......Saint-Blaise";888
"......La Tène";544
">> Val-de-Ruz";12806
"......Valangin";370
"......Val-de-Ruz";12436
">> Val-de-Travers";16632
"......La Côte-aux-Fées";1286
"......Les Verrières";2878
"......Val-de-Travers";12468
">> Canton de Genève";24583
"......Aire-la-Ville";288
"......Anières";383
"......Avully";464
"......Avusy";519
"......Bardonnex";503
"......Bellevue";439
"......Bernex";1297
"......Carouge (GE)";265
"......Cartigny";441
"......Céligny";470
"......Chancy";537
"......Chêne-Bougeries";414
"......Chêne-Bourg";127
"......Choulex";390
"......Collex-Bossy";686
"......Collonge-Bellerive";613
"......Cologny";369
"......Confignon";275
"......Corsier (GE)";278
"......Dardagny";859
"......Genève";1588
"......Genthod";281
"......Le Grand-Saconnex";437
"......Gy";321
"......Hermance";146
"......Jussy";1135
"......Laconnex";383
"......Lancy";484
"......Meinier";697
"......Meyrin";993
"......Onex";283
"......Perly-Certoux";255
"......Plan-les-Ouates";581
"......Pregny-Chambésy";325
"......Presinge";472
"......Puplinge";264
"......Russin";495
"......Satigny";1891
"......Soral";293
"......Thônex";383
"......Troinex";344
"......Vandoeuvres";441
"......Vernier";766
"......Versoix";1055
"......Veyrier";653
">> Delémont";30331
"......Boécourt";1231
"......Bourrignon";1355
"......Châtillon (JU)";525
"......Corban";789
"......Courchapoix";644
"......Courrendlin";1103
"......Courroux";1974
"......Courtételle";1358
"......Delémont";2199
"......Develier";1246
"......Ederswiler";334
"......Mervelier";975
"......Mettembert";236
"......Movelier";804
"......Pleigne";1784
"......Rebeuvelier";843
"......Rossemaison";194
"......Saulcy";791
"......Soyhières";752
"......Vellerat";204
"......Haute-Sorne";7105
"......Val Terbi";3885
">> Franches-Montagnes";20028
"......Le Bémont (JU)";1162
"......Les Bois";2474
"......Les Breuleux";1082
"......La Chaux-des-Breuleux";407
"......Les Enfers";709
"......Les Genevez (JU)";1360
"......Lajoux (JU)";1237
"......Montfaucon";1828
"......Muriaux";1689
"......Le Noirmont";2043
"......Saignelégier";3175
"......Saint-Brais";1513
"......Soubey";1349
">> Porrentruy";33522
"......Alle";1063
"......Beurnevésin";510
"......Boncourt";902
"......Bonfol";1357
"......Bure";1370
"......Coeuve";1158
"......Cornol";1047
"......Courchavon";625
"......Courgenay";1842
"......Courtedoux";815
"......Damphreux";566
"......Fahy";778
"......Fontenais";2001
"......Grandfontaine";894
"......Lugnez";511
"......Porrentruy";1478
"......Rocourt";449
"......Vendlincourt";918
"......Basse-Allaine";2299
"......Clos du Doubs";6182
"......Haute-Ajoie";3646
"......La Baroche";3111
